CUSTOMER_ID,TENURE_DAYS,ACTIVE_POLICY_COUNT,ACTIVE_POLICY_TYPE_COUNT,TOTAL_ACTIVE_PREMIUM,DAYS_TO_NEAREST_EXPIRY,TOTAL_CLAIMS,AVG_CLAIM_AMOUNT,OPEN_CLAIMS,REJECTED_CLAIMS,TOTAL_PAYMENTS,FAILED_PAYMENT_COUNT,FAILED_PAYMENT_RATE_PCT,TOTAL_INTERACTIONS,COMPLAINT_COUNT,RECENT_COMPLAINT_COUNT,TOTAL_CALLS,AVG_SENTIMENT_SCORE,MIN_SENTIMENT_SCORE,COMPLAINT_CALL_COUNT,CANCELLATION_RISK_CALL_COUNT,UPSELL_INTEREST_CALL_COUNT,HAS_CHURNED
CUST00157,4190,0,0,0.0,999,1,43046.0,0,1,2,0,0.0,4,1,0,2,-0.2769,-0.8193,1,1,0,1
CUST00079,1662,2,2,3395.51,-2041,2,5245.54,0,0,16,1,6.3,4,2,0,2,-0.8154,-0.8271,2,0,0,0
CUST00954,917,2,2,3864.22,-1678,2,62338.03,0,0,6,0,0.0,2,1,0,1,-0.8066,-0.8066,1,0,0,0
CUST00563,414,3,3,7572.89,-294,2,69123.78,1,0,10,2,20.0,4,0,0,2,0.1563,0.0781,1,1,0,0
CUST00133,1366,0,0,0.0,999,1,57760.78,0,0,14,0,0.0,1,0,0,0,0.0,0.0,0,0,0,0
CUST00944,1684,1,1,876.6,-31,0,0.0,0,0,12,1,8.3,2,1,0,0,0.0,0.0,0,0,0,0
CUST00124,1498,1,1,249.2,-2338,3,2516.58,0,1,5,1,20.0,2,0,0,0,0.0,0.0,0,0,0,1
CUST00793,68,1,1,1718.86,-2234,1,8186.68,0,0,20,0,0.0,3,0,0,1,0.7578,0.7578,0,0,0,1
CUST00223,1586,1,1,911.45,-280,0,0.0,0,0,4,1,25.0,4,0,0,0,0.0,0.0,0,0,0,0
CUST00224,1406,1,1,2200.92,-619,0,0.0,0,0,2,0,0.0,2,0,0,1,0.0078,0.0078,0,1,0,0
CUST00460,3042,0,0,0.0,999,0,0.0,0,0,12,0,0.0,5,0,0,3,0.4778,-0.043,0,0,0,1
CUST00761,1943,1,1,2306.43,380,2,14319.85,0,0,4,0,0.0,3,0,0,1,-0.0039,-0.0039,1,0,0,1
CUST00488,1945,2,2,3822.04,-1866,1,9774.25,0,0,16,0,0.0,1,1,0,0,0.0,0.0,0,0,0,0
CUST00738,1296,1,1,1560.92,249,0,0.0,0,0,24,4,16.7,1,0,0,0,0.0,0.0,0,0,0,1
CUST00800,605,0,0,0.0,999,1,1758.41,0,0,1,1,100.0,3,0,0,2,-0.0313,-0.0313,2,0,0,1
CUST00649,1201,1,1,5999.31,-23,0,0.0,0,0,2,0,0.0,1,0,0,1,0.7578,0.7578,0,0,0,0
CUST00598,2119,2,2,2372.84,-565,0,0.0,0,0,25,0,0.0,1,0,0,1,0.2109,0.2109,0,1,0,0
CUST00769,1682,1,1,4030.47,418,0,0.0,0,0,3,0,0.0,3,1,0,1,-0.8174,-0.8174,1,0,0,1
CUST00311,2695,2,2,2483.38,-1568,0,0.0,0,0,5,1,20.0,1,0,0,0,0.0,0.0,0,0,0,0
CUST00993,1752,0,0,0.0,999,2,19318.15,0,1,4,0,0.0,3,0,0,1,0.5859,0.5859,0,0,0,1
CUST00265,3642,0,0,0.0,999,0,0.0,0,0,12,1,8.3,3,1,0,0,0.0,0.0,0,0,0,1
CUST00278,1639,1,1,511.67,203,1,772.88,0,0,2,0,0.0,1,0,0,0,0.0,0.0,0,0,0,0
CUST00893,498,1,1,4849.16,-1809,1,4012.47,1,0,17,1,5.9,3,0,0,1,0.7344,0.7344,0,0,0,1
CUST00112,4086,2,2,5903.94,-1709,1,11080.8,0,0,14,1,7.1,2,0,0,1,0.5234,0.5234,0,0,1,1
CUST00950,3027,1,1,1255.11,-523,0,0.0,0,0,12,2,16.7,3,1,0,1,0.7813,0.7813,0,0,0,0
CUST00661,2784,0,0,0.0,999,2,5192.37,1,0,4,0,0.0,3,1,0,1,-0.8096,-0.8096,1,0,0,1
CUST00876,1691,2,2,1521.63,-2314,1,103528.79,0,0,13,0,0.0,3,1,0,2,-0.1494,-0.8066,1,0,1,0
CUST00828,3231,1,1,1850.67,1,1,3994.68,0,0,12,0,0.0,2,0,0,0,0.0,0.0,0,0,0,0
CUST00972,1644,2,2,4026.61,-1347,1,14128.21,0,1,16,1,6.3,2,0,0,0,0.0,0.0,0,0,0,0
CUST00442,505,1,1,2927.09,-1582,0,0.0,0,0,2,0,0.0,5,0,0,1,0.625,0.625,0,0,0,0
CUST00727,3240,1,1,2244.35,154,2,41227.3,0,0,2,0,0.0,3,0,0,1,0.8438,0.8438,0,0,0,1
CUST00305,3457,1,1,302.6,-2037,0,0.0,0,0,16,1,6.3,2,0,0,1,0.1172,0.1172,0,0,1,0
CUST00589,3139,1,1,963.75,-1040,0,0.0,0,0,12,0,0.0,4,1,0,1,0.8125,0.8125,0,0,0,0
CUST00837,531,2,2,3354.02,150,0,0.0,0,0,17,3,17.6,3,1,0,1,0.7578,0.7578,0,0,0,0
CUST00627,1301,1,1,1512.25,49,0,0.0,0,0,24,2,8.3,3,1,0,2,-0.4112,-0.8145,2,0,0,0
CUST00799,1212,0,0,0.0,999,1,6866.29,0,0,12,1,8.3,3,1,0,0,0.0,0.0,0,0,0,1
CUST00201,2525,0,0,0.0,999,0,0.0,0,0,4,1,25.0,2,0,0,0,0.0,0.0,0,0,0,1
CUST00406,2362,2,2,1346.51,-2605,0,0.0,0,0,18,1,5.6,2,0,0,0,0.0,0.0,0,0,0,1
CUST00879,482,0,0,0.0,999,0,0.0,0,0,2,1,50.0,3,1,0,0,0.0,0.0,0,0,0,1
CUST00723,2353,1,1,532.84,-729,1,6237.87,0,0,5,1,20.0,2,0,0,1,0.8359,0.8359,0,0,0,1
CUST00191,1529,1,1,295.36,-1582,1,5376.85,0,0,12,0,0.0,1,0,0,1,0.8203,0.8203,0,0,0,0
CUST00371,1449,0,0,0.0,999,1,16434.18,1,0,2,0,0.0,4,0,0,3,0.6016,0.3359,0,1,0,1
CUST00028,2199,2,2,1097.51,-1780,1,14935.36,0,1,3,0,0.0,3,0,0,0,0.0,0.0,0,0,0,0
CUST00361,2122,1,1,914.9,-220,1,191240.43,0,0,12,2,16.7,2,1,0,0,0.0,0.0,0,0,0,0
CUST00526,877,1,1,1629.96,427,0,0.0,0,0,12,0,0.0,2,0,0,1,0.2344,0.2344,0,1,0,0
CUST00610,1955,1,1,2267.28,-1843,2,95259.98,1,0,13,0,0.0,2,0,0,0,0.0,0.0,0,0,0,1
CUST00688,1544,1,1,2893.98,-364,0,0.0,0,0,1,0,0.0,5,0,0,3,0.5495,0.0547,1,0,0,0
CUST00199,1005,0,0,0.0,999,0,0.0,0,0,12,2,16.7,1,0,0,0,0.0,0.0,0,0,0,0
CUST00487,1436,0,0,0.0,999,0,0.0,0,0,5,1,20.0,1,0,0,1,0.8359,0.8359,0,0,0,1
CUST00102,3509,1,1,190.26,-1080,1,1252.28,0,0,12,0,0.0,2,0,0,0,0.0,0.0,0,0,0,0
CUST00458,601,0,0,0.0,999,0,0.0,0,0,4,0,0.0,3,0,0,1,0.1797,0.1797,0,1,0,1
CUST00349,691,0,0,0.0,999,1,3546.17,1,0,2,0,0.0,3,0,0,2,0.4024,0.125,0,0,2,1
CUST00158,1287,0,0,0.0,999,0,0.0,0,0,12,0,0.0,3,0,0,2,0.5078,0.375,0,0,0,0
CUST00412,2217,2,2,1832.91,-637,0,0.0,0,0,3,0,0.0,2,0,0,0,0.0,0.0,0,0,0,0
CUST00675,2669,1,1,1233.41,-1942,2,57552.79,0,0,12,2,16.7,2,0,0,2,0.6485,0.4922,0,0,1,0
CUST00506,1992,1,1,1707.08,-1198,0,0.0,0,0,16,1,6.3,4,0,0,2,0.42,-0.0039,1,0,0,1
CUST00492,146,0,0,0.0,999,0,0.0,0,0,12,3,25.0,2,0,0,0,0.0,0.0,0,0,0,1
CUST00570,229,1,1,572.9,-238,0,0.0,0,0,2,0,0.0,2,0,0,1,0.7734,0.7734,0,0,0,1
CUST00764,1007,1,1,5019.43,-1315,2,35093.87,0,0,1,0,0.0,2,0,0,1,0.0,0.0,1,0,0,0
CUST00947,1214,1,1,1842.71,-1588,0,0.0,0,0,4,0,0.0,1,0,0,1,-0.0234,-0.0234,0,1,0,0
CUST00657,252,0,0,0.0,999,0,0.0,0,0,12,1,8.3,3,1,0,2,0.8008,0.7656,0,0,0,1
CUST00074,853,0,0,0.0,999,0,0.0,0,0,2,0,0.0,3,0,0,2,0.6875,0.5781,0,0,1,0
CUST00238,4251,1,1,5162.5,-2211,0,0.0,0,0,1,0,0.0,1,0,0,0,0.0,0.0,0,0,0,0
CUST00222,738,1,1,1473.16,301,1,161660.17,0,0,4,0,0.0,4,0,0,0,0.0,0.0,0,0,0,0
CUST00983,552,1,1,5190.46,-856,0,0.0,0,0,1,0,0.0,2,0,0,1,0.6719,0.6719,0,0,1,0
CUST00285,1000,0,0,0.0,999,0,0.0,0,0,4,0,0.0,3,1,0,0,0.0,0.0,0,0,0,1
CUST00062,2223,0,0,0.0,999,0,0.0,0,0,6,0,0.0,3,0,0,2,0.418,0.1719,0,1,1,1
CUST00054,2245,1,1,1648.65,-585,0,0.0,0,0,2,0,0.0,3,0,0,0,0.0,0.0,0,0,0,0
CUST00373,3189,1,1,1868.68,-1240,0,0.0,0,0,4,0,0.0,4,0,0,2,0.4453,0.2031,0,1,0,0
CUST00097,808,1,1,388.16,-51,3,10238.65,0,0,10,1,10.0,2,0,0,0,0.0,0.0,0,0,0,1
CUST00890,527,1,1,2197.02,-2343,0,0.0,0,0,24,1,4.2,2,0,0,1,0.6172,0.6172,0,0,1,1
CUST00654,3215,0,0,0.0,999,0,0.0,0,0,16,0,0.0,2,0,0,1,0.5938,0.5938,0,0,0,1
CUST00685,3211,1,1,2233.76,-816,1,40639.74,0,1,12,2,16.7,2,1,0,1,-0.8193,-0.8193,1,0,0,0
CUST00660,3242,1,1,2036.31,-2227,0,0.0,0,0,2,0,0.0,2,0,0,2,0.75,0.7422,0,0,0,0
CUST00745,4197,1,1,2439.37,32,1,13461.4,0,0,8,1,12.5,1,0,0,1,0.6406,0.6406,0,0,0,1
CUST00666,3425,0,0,0.0,999,1,100259.76,0,1,2,0,0.0,4,0,0,1,0.4688,0.4688,0,1,0,1
CUST00486,1869,1,1,4958.11,-784,1,10075.57,0,0,2,0,0.0,2,0,0,0,0.0,0.0,0,0,0,0
CUST00277,1650,1,1,1413.39,-868,2,14646.65,1,0,14,1,7.1,2,1,0,0,0.0,0.0,0,0,0,1
CUST00232,1954,1,1,5135.11,-91,0,0.0,0,0,1,0,0.0,4,1,0,1,0.8359,0.8359,0,0,0,0
CUST00997,1035,1,1,505.49,-2014,0,0.0,0,0,1,0,0.0,2,1,0,0,0.0,0.0,0,0,0,0
CUST00995,378,1,1,5491.84,229,2,22022.89,2,0,26,3,11.5,3,1,0,1,0.4453,0.4453,0,1,0,1
CUST00935,891,0,0,0.0,999,0,0.0,0,0,12,1,8.3,3,0,0,0,0.0,0.0,0,0,0,1
CUST00205,566,1,1,230.0,-1067,0,0.0,0,0,12,1,8.3,4,1,0,1,0.7344,0.7344,0,0,0,0
CUST00749,1617,0,0,0.0,999,0,0.0,0,0,4,0,0.0,3,0,0,1,0.7734,0.7734,0,0,0,1
CUST00190,2057,1,1,590.79,-2125,1,10457.31,0,0,2,0,0.0,4,1,0,2,0.754,0.7266,0,0,0,0
CUST00179,637,2,2,6268.67,-1598,1,91580.47,0,1,13,0,0.0,1,0,0,0,0.0,0.0,0,0,0,0
CUST00689,4226,2,2,6110.8,-2752,3,144574.45,1,1,6,0,0.0,1,0,0,0,0.0,0.0,0,0,0,0
CUST00732,2607,1,1,1467.58,-2670,2,48457.83,2,0,2,0,0.0,2,0,0,0,0.0,0.0,0,0,0,0
CUST00303,946,0,0,0.0,999,1,4067.22,0,0,4,0,0.0,3,1,0,1,0.7656,0.7656,0,0,0,1
CUST00273,3188,0,0,0.0,999,3,38337.23,1,0,15,1,6.7,4,0,0,2,0.5313,0.3516,0,0,0,1
CUST00912,4027,1,1,849.64,-2592,1,4362.18,0,0,14,1,7.1,1,0,0,1,0.7734,0.7734,0,0,0,0
CUST00451,1595,1,1,4889.39,-1716,1,50065.37,0,0,8,1,12.5,2,0,0,1,0.7734,0.7734,0,0,0,0
CUST00374,307,1,1,766.22,-2515,1,11606.34,0,0,15,1,6.7,2,0,0,0,0.0,0.0,0,0,0,1
CUST00422,1255,1,1,1299.73,-1289,1,48755.23,0,0,6,0,0.0,2,0,0,1,0.6484,0.6484,0,0,0,1
CUST00564,1377,1,1,2606.27,-1019,0,0.0,0,0,4,1,25.0,2,0,0,1,0.6641,0.6641,0,0,1,0
CUST00562,3190,1,1,3250.28,-1338,1,4748.07,0,0,16,1,6.3,2,0,0,0,0.0,0.0,0,0,0,0
CUST00327,2432,1,1,1395.22,-607,0,0.0,0,0,3,0,0.0,3,0,0,1,0.7344,0.7344,0,0,0,1
CUST00379,92,1,1,2919.34,-199,0,0.0,0,0,4,0,0.0,4,0,0,1,0.8359,0.8359,0,0,0,0
CUST00204,3456,1,1,225.42,10,1,3094.98,0,0,12,0,0.0,1,0,0,0,0.0,0.0,0,0,0,0
CUST00711,1714,2,2,3686.02,-917,2,50414.01,0,0,3,0,0.0,2,1,0,1,0.5234,0.5234,0,0,0,0
CUST00490,269,1,1,1058.89,320,0,0.0,0,0,2,0,0.0,2,0,0,0,0.0,0.0,0,0,0,1
CUST00177,2461,1,1,1801.64,-1201,1,24291.72,0,1,16,1,6.3,1,0,0,0,0.0,0.0,0,0,0,0
CUST00215,106,1,1,2243.42,-1169,0,0.0,0,0,4,0,0.0,1,0,0,0,0.0,0.0,0,0,0,0
CUST00168,2031,1,1,2063.0,282,0,0.0,0,0,12,0,0.0,2,0,0,1,0.8281,0.8281,0,0,0,0
CUST00571,1277,0,0,0.0,999,1,51889.69,0,0,1,0,0.0,2,0,0,2,0.5742,0.4922,0,0,2,1
CUST00137,3237,2,2,3136.05,-1899,1,73707.8,0,0,8,0,0.0,2,0,0,2,0.3594,0.3125,0,0,0,0
CUST00762,2916,0,0,0.0,999,2,75817.06,0,0,8,0,0.0,4,0,0,1,0.7578,0.7578,0,0,0,1
CUST00502,2069,0,0,0.0,999,0,0.0,0,0,12,0,0.0,1,0,0,0,0.0,0.0,0,0,0,1
CUST00027,3156,2,2,2377.88,-742,1,4848.4,1,0,17,2,11.8,5,0,0,2,0.3575,-0.0195,0,0,0,1
CUST00272,1725,2,2,2467.09,-425,1,52107.59,1,0,14,0,0.0,4,1,0,1,-0.8223,-0.8223,1,0,0,0
CUST00705,4010,1,1,428.64,254,0,0.0,0,0,18,0,0.0,2,0,0,1,0.1016,0.1016,0,0,0,1
CUST00588,2684,0,0,0.0,999,0,0.0,0,0,6,0,0.0,3,0,0,2,0.8086,0.7813,0,0,0,1
CUST00431,3269,1,1,1677.04,-1450,1,5021.45,0,0,13,1,7.7,4,0,0,1,0.3984,0.3984,0,1,0,1
CUST00107,2494,0,0,0.0,999,0,0.0,0,0,18,2,11.1,4,0,0,1,0.5078,0.5078,0,0,1,1
CUST00850,1405,2,2,3839.63,-1986,0,0.0,0,0,6,0,0.0,2,0,0,0,0.0,0.0,0,0,0,0
CUST00226,2837,2,2,4267.33,-2671,1,65060.64,1,0,3,0,0.0,2,1,0,0,0.0,0.0,0,0,0,0
CUST00622,3210,1,1,1337.55,-2636,0,0.0,0,0,2,0,0.0,2,0,0,1,0.6172,0.6172,0,0,1,0
CUST00229,3329,1,1,151.36,-1056,1,2820.39,0,0,2,0,0.0,2,1,0,0,0.0,0.0,0,0,0,0
CUST00858,2833,1,1,412.33,-1269,1,115239.74,0,0,16,4,25.0,3,0,0,1,0.6172,0.6172,0,0,1,1
CUST00208,1357,0,0,0.0,999,1,3041.35,0,0,2,1,50.0,2,0,0,0,0.0,0.0,0,0,0,1
CUST00183,1812,1,1,597.91,-416,0,0.0,0,0,1,0,0.0,4,1,0,1,-0.8223,-0.8223,1,0,0,0
CUST00499,2886,2,2,3408.45,-1799,2,101895.77,0,0,6,1,16.7,1,0,0,0,0.0,0.0,0,0,0,0
CUST00857,734,0,0,0.0,999,1,78207.44,1,0,4,1,25.0,5,2,0,2,-0.2466,-0.7979,1,1,0,1
CUST00614,4223,1,1,526.25,-458,0,0.0,0,0,4,0,0.0,1,0,0,0,0.0,0.0,0,0,0,0
CUST00573,3441,1,1,5866.13,-965,1,111396.24,0,0,4,0,0.0,2,0,0,0,0.0,0.0,0,0,0,0
CUST00436,1629,2,2,1955.28,-555,1,12995.08,1,0,7,0,0.0,3,0,0,2,0.7071,0.6563,0,0,1,1
CUST00420,181,2,2,3185.51,-1504,0,0.0,0,0,14,0,0.0,1,0,0,0,0.0,0.0,0,0,0,0
CUST00671,353,1,1,1417.0,-494,1,3815.89,1,0,3,0,0.0,1,0,0,1,0.5859,0.5859,0,0,1,1
CUST00155,2223,2,2,2236.85,-2105,0,0.0,0,0,28,1,3.6,1,0,0,0,0.0,0.0,0,0,0,1
CUST00815,1907,2,2,4369.86,-1168,1,41511.37,0,0,24,2,8.3,2,0,0,0,0.0,0.0,0,0,0,0
CUST00136,2605,2,2,3081.58,-1791,0,0.0,0,0,25,3,12.0,2,0,0,1,0.7813,0.7813,0,0,0,1
CUST00254,2223,0,0,0.0,999,0,0.0,0,0,12,1,8.3,3,0,0,0,0.0,0.0,0,0,0,1
CUST00710,1070,1,1,822.47,-1065,1,10214.22,0,0,4,0,0.0,1,0,0,0,0.0,0.0,0,0,0,0
CUST00286,2100,1,1,2400.91,-919,1,110393.87,0,0,6,1,16.7,1,0,0,1,0.7891,0.7891,0,0,0,0
CUST00554,2252,2,2,6016.64,-2327,1,11459.62,0,1,4,0,0.0,3,0,0,1,0.6563,0.6563,0,0,0,0
CUST01000,2790,1,1,2791.55,26,2,54182.53,0,0,1,0,0.0,2,0,0,0,0.0,0.0,0,0,0,0
CUST00965,3545,2,2,5502.02,-1530,2,4317.81,0,1,13,0,0.0,2,0,0,1,0.7344,0.7344,0,0,0,0
CUST00747,3788,2,2,2315.64,-1887,0,0.0,0,0,8,1,12.5,3,0,0,1,0.6875,0.6875,0,0,0,0
CUST00266,480,1,1,1733.32,-358,0,0.0,0,0,4,1,25.0,4,0,0,1,0.6406,0.6406,0,0,1,0
CUST00636,3871,1,1,4343.55,-529,0,0.0,0,0,4,0,0.0,5,0,0,3,0.724,0.6563,0,0,2,0
CUST00829,938,0,0,0.0,999,1,18284.03,0,1,1,0,0.0,1,0,0,0,0.0,0.0,0,0,0,1
CUST00130,3943,1,1,2631.69,-2110,0,0.0,0,0,12,0,0.0,4,0,0,1,0.5234,0.5234,0,0,0,0
CUST00810,2801,0,0,0.0,999,0,0.0,0,0,1,0,0.0,1,0,0,0,0.0,0.0,0,0,0,0
CUST00521,2827,0,0,0.0,999,1,5193.65,1,0,1,1,100.0,4,0,0,2,0.5117,0.3281,0,0,0,1
CUST00547,3299,1,1,2094.41,-1233,0,0.0,0,0,4,0,0.0,1,0,0,1,0.6797,0.6797,0,0,1,0
CUST00070,198,0,0,0.0,999,1,68455.46,0,0,12,1,8.3,4,1,0,1,0.7578,0.7578,0,0,0,1
CUST00228,4004,1,1,1528.31,-1523,1,4253.68,0,0,1,0,0.0,1,0,0,0,0.0,0.0,0,0,0,0
CUST00964,612,0,0,0.0,999,0,0.0,0,0,5,0,0.0,1,0,0,0,0.0,0.0,0,0,0,1
CUST00579,882,2,2,3889.62,-2606,3,48726.63,1,0,6,0,0.0,4,0,0,1,0.1875,0.1875,0,0,0,0
CUST00597,3600,2,2,3192.69,-308,3,52856.84,0,1,3,0,0.0,1,0,0,0,0.0,0.0,0,0,0,0
CUST00863,234,1,1,432.73,-438,2,62338.51,0,1,16,2,12.5,3,0,0,2,0.7969,0.7578,0,0,0,1
CUST00581,1059,2,2,4108.62,-1801,0,0.0,0,0,13,0,0.0,2,0,0,0,0.0,0.0,0,0,0,0
CUST00792,1454,0,0,0.0,999,1,9231.78,1,0,1,0,0.0,2,0,0,1,0.4609,0.4609,0,0,0,0
CUST00441,1090,1,1,2663.81,-732,0,0.0,0,0,6,1,16.7,4,1,0,1,0.6172,0.6172,0,0,1,1
CUST00151,1491,1,1,4054.31,-2768,1,101611.34,0,0,18,3,16.7,5,0,0,2,0.2774,-0.0078,1,0,0,1
CUST00034,1974,0,0,0.0,999,0,0.0,0,0,1,0,0.0,2,0,0,0,0.0,0.0,0,0,0,0
CUST00523,2670,1,1,1549.38,-647,1,118581.19,0,0,2,1,50.0,1,0,0,0,0.0,0.0,0,0,0,0
CUST00910,3058,0,0,0.0,999,1,38525.63,1,0,2,0,0.0,1,0,0,0,0.0,0.0,0,0,0,1
CUST00871,2494,2,2,4231.98,-2705,2,59807.86,1,0,14,1,7.1,3,0,0,1,0.8438,0.8438,0,0,0,0
CUST00466,3884,0,0,0.0,999,1,97198.02,0,0,4,0,0.0,3,1,0,0,0.0,0.0,0,0,0,1
CUST00413,3911,3,3,3296.05,-2087,1,90536.82,0,0,18,1,5.6,2,1,0,1,0.8359,0.8359,0,0,0,0
CUST00819,597,1,1,996.92,-2673,1,1459.47,1,0,12,0,0.0,1,0,0,0,0.0,0.0,0,0,0,0
CUST00352,1788,0,0,0.0,999,0,0.0,0,0,13,2,15.4,2,0,0,0,0.0,0.0,0,0,0,1
CUST00410,4136,0,0,0.0,999,1,4433.46,0,1,6,2,33.3,4,0,0,1,0.8438,0.8438,0,0,0,1
CUST00759,1527,0,0,0.0,999,1,42195.76,0,0,12,2,16.7,2,1,1,1,-0.8193,-0.8193,1,0,0,0
CUST00942,2055,1,1,2786.9,-1583,2,28355.68,1,1,2,0,0.0,3,1,0,1,0.7344,0.7344,0,0,0,0
CUST00843,2508,2,2,4199.03,-2316,1,28297.45,0,0,2,1,50.0,1,0,0,0,0.0,0.0,0,0,0,0
CUST00940,1077,1,1,3517.85,270,0,0.0,0,0,12,0,0.0,3,0,0,2,0.3633,0.0078,1,0,0,0
CUST00728,3946,1,1,1664.46,-1429,0,0.0,0,0,2,0,0.0,2,0,0,1,0.7266,0.7266,0,0,0,0
CUST00241,343,0,0,0.0,999,0,0.0,0,0,14,1,7.1,2,0,0,0,0.0,0.0,0,0,0,0
CUST00604,208,0,0,0.0,999,1,1172.64,1,0,2,1,50.0,5,1,0,2,-0.0337,-0.8096,1,0,0,0
CUST00314,3248,3,3,6560.07,-2514,1,72202.07,0,0,18,1,5.6,5,1,0,2,-0.0127,-0.8223,1,0,0,0
CUST00196,3775,3,3,5414.53,-576,1,3002.79,1,0,5,0,0.0,2,0,0,1,0.5078,0.5078,0,0,0,0
CUST00480,2143,1,1,1923.19,-2329,0,0.0,0,0,1,0,0.0,5,1,0,1,0.4922,0.4922,0,0,1,0
CUST00041,2215,0,0,0.0,999,1,13781.12,0,0,1,0,0.0,4,1,0,2,0.2031,0.0078,1,0,0,0
CUST00951,832,1,1,2033.97,-1578,2,42998.86,2,0,3,0,0.0,1,0,0,1,0.6328,0.6328,0,0,0,1
CUST00255,31,2,2,3529.82,-2296,1,14319.71,0,0,3,0,0.0,4,0,0,1,0.6094,0.6094,0,0,0,0
CUST00708,2801,1,1,273.93,-2324,0,0.0,0,0,4,0,0.0,2,1,0,0,0.0,0.0,0,0,0,0
CUST00932,664,1,1,2215.73,-2263,2,166062.35,0,1,16,1,6.3,2,0,0,0,0.0,0.0,0,0,0,1
CUST00687,1440,2,2,1731.21,-1883,2,91237.13,0,0,5,0,0.0,5,2,0,2,-0.8159,-0.8174,2,0,0,0
CUST00042,121,0,0,0.0,999,1,63105.59,0,0,12,0,0.0,1,0,0,0,0.0,0.0,0,0,0,1
CUST00485,207,2,2,3157.0,-1956,1,17775.73,0,0,13,0,0.0,2,0,0,0,0.0,0.0,0,0,0,0
CUST00920,2929,1,1,3596.19,-1557,0,0.0,0,0,1,0,0.0,2,0,0,1,0.7656,0.7656,0,0,0,0
CUST00936,3094,1,1,552.9,-2490,0,0.0,0,0,3,0,0.0,3,1,0,1,-0.0547,-0.0547,0,0,0,0
CUST00427,2175,0,0,0.0,999,1,8360.78,0,1,4,0,0.0,3,1,0,0,0.0,0.0,0,0,0,0
CUST00256,1234,2,2,2170.8,-2781,0,0.0,0,0,6,1,16.7,3,0,0,1,0.7031,0.7031,0,0,0,0
CUST00514,576,1,1,1598.58,-2753,0,0.0,0,0,4,0,0.0,4,0,0,1,0.5234,0.5234,0,0,1,0
CUST00796,3754,2,2,1522.56,-1253,0,0.0,0,0,2,0,0.0,3,0,0,1,0.0859,0.0859,0,0,1,0
CUST00963,3470,0,0,0.0,999,1,51038.81,1,0,6,1,16.7,1,0,0,1,0.3594,0.3594,0,0,0,1
CUST00082,479,2,2,6080.53,-1567,2,35903.16,1,1,8,1,12.5,2,0,0,2,0.6836,0.6406,0,0,0,0
CUST00321,3495,1,1,1679.84,-717,2,27390.02,0,1,4,0,0.0,2,0,0,1,0.7266,0.7266,0,0,0,0
CUST00899,4251,3,3,5800.02,-882,0,0.0,0,0,17,1,5.9,2,0,0,0,0.0,0.0,0,0,0,0
CUST00969,699,2,2,2274.62,-46,0,0.0,0,0,16,0,0.0,1,0,0,1,0.3984,0.3984,0,0,0,1
CUST00419,537,2,2,2525.46,-2105,4,18510.26,0,1,15,1,6.7,2,0,0,1,0.0078,0.0078,1,0,0,1
CUST00816,1948,1,1,440.55,-610,0,0.0,0,0,14,0,0.0,3,0,0,0,0.0,0.0,0,0,0,1
CUST00595,1105,1,1,1008.74,-442,2,134429.72,0,1,4,0,0.0,2,0,0,1,0.0,0.0,1,0,0,0
CUST00381,1910,1,1,2608.57,171,1,41136.44,1,0,14,0,0.0,2,0,0,0,0.0,0.0,0,0,0,1
CUST00891,375,1,1,762.24,-2076,1,4127.82,0,0,12,2,16.7,1,0,0,0,0.0,0.0,0,0,0,0
CUST00246,1664,2,2,1655.42,53,2,18033.08,0,0,25,3,12.0,1,1,0,0,0.0,0.0,0,0,0,1
CUST00375,2352,1,1,2031.51,-122,1,32130.44,1,0,12,1,8.3,1,0,0,1,0.6406,0.6406,0,0,0,0
CUST00505,3192,1,1,498.48,-542,0,0.0,0,0,2,0,0.0,3,0,0,1,0.1328,0.1328,0,0,1,0
CUST00669,1794,1,1,338.25,-128,1,5096.27,0,1,2,0,0.0,2,0,0,1,0.6875,0.6875,0,0,0,0
CUST00231,1384,0,0,0.0,999,2,115443.39,1,0,1,0,0.0,3,0,0,0,0.0,0.0,0,0,0,1
CUST00709,1237,0,0,0.0,999,0,0.0,0,0,12,4,33.3,5,0,0,2,0.3789,0.0156,1,0,0,1
CUST00670,548,1,1,1639.48,-1696,0,0.0,0,0,2,0,0.0,1,0,0,0,0.0,0.0,0,0,0,0
CUST00271,2319,1,1,1353.55,87,2,26003.0,0,1,4,0,0.0,5,0,0,0,0.0,0.0,0,0,0,0
CUST00748,3250,3,3,4943.57,-1902,1,7176.27,0,0,9,0,0.0,1,1,0,0,0.0,0.0,0,0,0,0
CUST00651,1163,1,1,2330.34,-279,0,0.0,0,0,12,1,8.3,3,0,0,2,0.4415,0.0391,0,1,0,0
CUST00060,4141,0,0,0.0,999,1,43889.34,1,0,4,2,50.0,3,0,0,2,0.1914,0.0078,1,0,1,1
CUST00046,2450,2,2,8383.06,-2088,0,0.0,0,0,14,1,7.1,2,0,0,1,0.7422,0.7422,0,0,0,0
CUST00784,1151,0,0,0.0,999,1,4501.29,1,0,2,0,0.0,2,1,0,0,0.0,0.0,0,0,0,0
CUST00516,3187,1,1,1975.55,-2729,1,160601.45,0,0,2,0,0.0,1,0,0,0,0.0,0.0,0,0,0,0
CUST00013,2933,1,1,1228.45,-1567,2,4552.77,0,0,4,0,0.0,1,0,0,1,0.0469,0.0469,0,0,1,0
CUST00798,1518,1,1,2008.91,-431,3,12734.15,1,1,7,0,0.0,2,0,0,1,0.7656,0.7656,0,0,0,1
CUST00312,2888,1,1,708.41,454,0,0.0,0,0,4,0,0.0,2,0,0,1,0.5547,0.5547,0,0,1,0
CUST00043,2297,0,0,0.0,999,0,0.0,0,0,4,0,0.0,2,0,0,1,0.6406,0.6406,0,0,1,1
CUST00003,794,1,1,1745.34,-1535,0,0.0,0,0,13,2,15.4,1,0,0,1,0.25,0.25,0,0,1,0
CUST00775,1284,3,3,8717.32,-188,3,64879.27,1,0,5,0,0.0,5,0,0,1,0.3281,0.3281,0,1,0,0
CUST00826,1493,1,1,295.52,317,1,8475.36,0,0,2,0,0.0,1,0,0,0,0.0,0.0,0,0,0,0
CUST00160,33,1,1,538.73,-1067,0,0.0,0,0,12,1,8.3,3,1,0,1,0.8438,0.8438,0,0,0,0
CUST00047,4036,1,1,565.82,-1368,0,0.0,0,0,1,0,0.0,3,0,0,0,0.0,0.0,0,0,0,0
CUST00501,580,1,1,3918.67,-2648,1,5352.76,1,0,1,0,0.0,2,0,0,0,0.0,0.0,0,0,0,0
CUST00917,3386,0,0,0.0,999,0,0.0,0,0,16,0,0.0,2,0,0,0,0.0,0.0,0,0,0,1
CUST00970,1400,1,1,224.98,-11,0,0.0,0,0,4,0,0.0,4,0,0,2,0.6094,0.5547,0,0,1,0
CUST00409,3010,2,2,2553.52,-960,3,74932.66,0,2,6,1,16.7,2,0,0,2,0.4883,0.4375,0,0,0,0
CUST00336,1685,0,0,0.0,999,0,0.0,0,0,13,1,7.7,1,0,0,0,0.0,0.0,0,0,0,1
CUST00825,1264,1,1,1874.7,-1626,2,87177.9,1,0,25,4,16.0,1,0,0,0,0.0,0.0,0,0,0,1
CUST00945,3941,0,0,0.0,999,1,5662.32,1,0,4,0,0.0,2,0,0,0,0.0,0.0,0,0,0,1
CUST00991,3025,1,1,3816.59,-1538,2,13143.72,1,0,12,0,0.0,3,0,0,2,0.3829,-0.0156,0,0,1,0
CUST00192,2296,2,2,3646.22,-1771,0,0.0,0,0,18,0,0.0,3,1,0,1,-0.8252,-0.8252,1,0,0,1
CUST00344,1614,1,1,439.94,-1174,1,6790.56,0,0,2,0,0.0,3,0,0,1,0.6094,0.6094,0,0,0,0
CUST00029,637,1,1,944.97,-791,0,0.0,0,0,2,0,0.0,1,0,0,1,0.0703,0.0703,0,0,1,0
CUST00026,2255,1,1,1874.84,-487,1,47428.01,0,0,2,0,0.0,2,0,0,0,0.0,0.0,0,0,0,0
CUST00066,1737,1,1,2381.79,-1442,0,0.0,0,0,12,0,0.0,2,0,0,1,0.7656,0.7656,0,0,0,0
CUST00467,1603,1,1,430.76,-1315,2,2072.23,0,1,12,0,0.0,3,0,0,1,-0.0313,-0.0313,1,0,0,0
CUST00603,3295,2,2,7851.65,-524,1,89105.19,0,1,6,0,0.0,1,0,0,1,-0.0117,-0.0117,1,0,0,0
CUST00719,2018,1,1,2344.54,-11,0,0.0,0,0,26,4,15.4,2,0,0,2,0.4766,0.1484,0,1,0,1
CUST00931,4174,1,1,2055.8,-2042,1,1248.68,1,0,12,2,16.7,3,1,0,0,0.0,0.0,0,0,0,0
CUST00140,2007,1,1,1847.12,-67,0,0.0,0,0,4,1,25.0,2,0,0,2,0.6524,0.5234,0,0,1,0
CUST00641,119,2,2,6066.73,-1859,1,62933.38,0,0,3,0,0.0,4,0,0,0,0.0,0.0,0,0,0,0
CUST00968,2453,1,1,1255.45,-85,1,143907.48,0,0,4,1,25.0,1,1,0,0,0.0,0.0,0,0,0,0
CUST00330,381,0,0,0.0,999,0,0.0,0,0,12,2,16.7,5,0,0,3,0.5274,-0.043,0,0,1,1
CUST00679,3742,1,1,664.85,-2180,0,0.0,0,0,4,0,0.0,3,0,0,3,0.5286,0.0625,0,0,1,0
CUST00740,760,1,1,1424.27,-2080,1,53773.97,0,0,4,0,0.0,2,0,0,2,0.7734,0.7734,0,0,0,0
CUST00700,638,1,1,2337.61,-795,0,0.0,0,0,1,0,0.0,2,0,0,1,0.7109,0.7109,0,0,0,0
CUST00801,1411,1,1,2427.9,-1530,0,0.0,0,0,13,0,0.0,1,0,0,0,0.0,0.0,0,0,0,1
CUST00365,2016,2,2,776.76,-2202,1,4277.23,0,0,16,2,12.5,2,0,0,1,0.8359,0.8359,0,0,0,0
CUST00424,2364,2,2,2994.91,-1313,2,8598.65,0,0,3,0,0.0,3,0,0,0,0.0,0.0,0,0,0,0
CUST00515,3036,1,1,1547.3,-1577,2,35749.45,0,0,14,0,0.0,4,0,0,1,0.7031,0.7031,0,0,0,0
CUST00083,781,1,1,3743.7,-896,1,42511.39,0,0,12,1,8.3,1,0,0,1,0.4609,0.4609,0,0,1,0
CUST00116,3020,1,1,2283.54,-2191,0,0.0,0,0,12,0,0.0,2,0,0,0,0.0,0.0,0,0,0,0
CUST00473,3957,1,1,1435.96,-1978,0,0.0,0,0,12,0,0.0,1,0,0,1,0.6953,0.6953,0,0,0,0
CUST00707,1056,1,1,1333.58,-95,0,0.0,0,0,12,0,0.0,1,0,0,0,0.0,0.0,0,0,0,0
CUST00585,2777,1,1,800.07,179,0,0.0,0,0,2,0,0.0,1,0,0,0,0.0,0.0,0,0,0,0
CUST00380,3066,1,1,2498.18,98,0,0.0,0,0,6,0,0.0,2,1,0,1,0.5,0.5,0,0,1,0
CUST00006,1346,2,2,3674.5,-1798,1,3864.26,0,0,13,1,7.7,2,0,0,0,0.0,0.0,0,0,0,0
CUST00645,1763,1,1,1852.35,-1035,1,11206.43,0,0,2,0,0.0,2,0,0,1,0.6563,0.6563,0,0,1,0
CUST00095,2487,0,0,0.0,999,0,0.0,0,0,7,0,0.0,1,0,0,1,0.7969,0.7969,0,0,0,1
CUST00094,531,0,0,0.0,999,1,3023.65,1,0,24,0,0.0,1,0,0,1,0.7734,0.7734,0,0,0,1
CUST00378,2178,1,1,5584.54,-1013,2,28317.42,1,1,2,0,0.0,4,1,0,4,0.1648,-0.8174,1,0,1,0
CUST00937,1109,2,2,5504.73,-2361,0,0.0,0,0,7,0,0.0,1,0,0,1,0.7656,0.7656,0,0,0,0
CUST00658,3169,0,0,0.0,999,1,107212.82,1,0,12,0,0.0,4,0,0,1,0.0078,0.0078,1,0,0,1
CUST00926,1516,2,2,3021.12,-2129,0,0.0,0,0,3,0,0.0,3,0,0,1,0.4688,0.4688,0,0,0,0
CUST00476,2564,1,1,1475.7,-2206,0,0.0,0,0,16,1,6.3,1,1,0,1,-0.8174,-0.8174,1,0,0,1
CUST00283,2083,1,1,1228.91,-354,0,0.0,0,0,5,0,0.0,2,1,0,1,-0.793,-0.793,1,0,0,0
CUST00928,3915,1,1,2150.78,-755,1,65687.42,0,0,16,1,6.3,3,1,0,1,-0.8174,-0.8174,1,0,0,1
CUST00549,1299,1,1,826.23,-476,0,0.0,0,0,4,0,0.0,2,0,0,0,0.0,0.0,0,0,0,0
CUST00408,2716,0,0,0.0,999,0,0.0,0,0,6,0,0.0,2,0,0,2,0.336,0.0078,1,0,0,1
CUST00489,2836,1,1,2183.69,-2694,0,0.0,0,0,4,0,0.0,5,1,0,1,-0.0078,-0.0078,1,0,0,0
CUST00889,4231,1,1,829.64,105,1,143923.13,0,0,2,1,50.0,2,0,0,0,0.0,0.0,0,0,0,0
CUST00847,4175,1,1,708.09,-783,0,0.0,0,0,2,0,0.0,5,0,0,1,0.3203,0.3203,0,1,0,0
CUST00428,1996,2,2,8609.61,-1694,0,0.0,0,0,3,0,0.0,4,1,0,1,-0.8193,-0.8193,1,0,0,0
CUST00220,3314,1,1,848.71,-930,0,0.0,0,0,14,0,0.0,3,0,0,1,0.7266,0.7266,0,0,0,1
CUST00620,791,1,1,358.49,-2086,1,1949.42,0,0,4,1,25.0,2,0,0,1,0.1172,0.1172,0,1,0,0
CUST00731,100,0,0,0.0,999,1,4106.98,1,0,14,0,0.0,2,1,1,1,0.6406,0.6406,0,0,0,1
CUST00646,2576,0,0,0.0,999,0,0.0,0,0,12,1,8.3,5,0,0,2,0.5664,0.4453,0,0,2,1
CUST00542,2127,2,2,4237.5,-1993,1,11439.74,0,0,16,0,0.0,5,0,0,2,0.4024,0.0391,1,0,0,1
CUST00216,3560,0,0,0.0,999,2,153713.96,0,0,12,1,8.3,2,0,0,1,0.8359,0.8359,0,0,0,0
CUST00986,4211,2,2,2551.29,-1760,0,0.0,0,0,5,0,0.0,2,0,0,1,0.6641,0.6641,0,0,0,0
CUST00464,1904,2,2,2913.4,-2795,0,0.0,0,0,5,0,0.0,1,0,0,1,0.625,0.625,0,0,1,0
CUST00415,3523,1,1,1155.84,-145,0,0.0,0,0,14,2,14.3,1,0,0,1,0.7813,0.7813,0,0,0,1
CUST00011,4162,1,1,4243.76,-419,2,21028.19,0,0,13,1,7.7,1,0,0,0,0.0,0.0,0,0,0,0
CUST00363,2952,2,2,6745.54,-2668,1,3137.68,0,0,4,0,0.0,2,0,0,0,0.0,0.0,0,0,0,0
CUST00511,1776,1,1,1810.76,-895,0,0.0,0,0,12,3,25.0,1,0,0,0,0.0,0.0,0,0,0,0
CUST00839,3200,0,0,0.0,999,0,0.0,0,0,2,0,0.0,3,1,0,1,0.1172,0.1172,0,0,1,1
CUST00078,513,0,0,0.0,999,1,12459.1,0,0,2,0,0.0,1,0,0,0,0.0,0.0,0,0,0,0
CUST00038,634,1,1,2992.68,-802,1,13108.38,0,0,16,1,6.3,3,0,0,2,0.6563,0.4766,0,0,0,0
CUST00478,604,1,1,2744.97,-779,0,0.0,0,0,2,0,0.0,2,0,0,2,0.75,0.75,0,0,0,0
CUST00921,3667,1,1,644.81,-2649,0,0.0,0,0,4,0,0.0,1,0,0,0,0.0,0.0,0,0,0,0
CUST00500,355,1,1,4537.8,-1027,0,0.0,0,0,14,1,7.1,1,0,0,0,0.0,0.0,0,0,0,0
CUST00087,2024,1,1,963.93,-1438,0,0.0,0,0,12,1,8.3,3,1,0,0,0.0,0.0,0,0,0,0
CUST00025,3662,1,1,1754.5,-188,0,0.0,0,0,4,0,0.0,2,0,0,1,0.0,0.0,1,0,0,0
CUST00587,1646,2,2,1546.54,-1711,0,0.0,0,0,15,1,6.7,3,1,0,1,-0.8096,-0.8096,1,0,0,1
CUST00768,3733,2,2,7388.06,-2760,0,0.0,0,0,14,0,0.0,3,0,0,1,0.3672,0.3672,0,0,0,0
CUST00781,3786,1,1,453.15,-2577,1,21094.4,0,0,4,0,0.0,1,0,0,1,0.6797,0.6797,0,0,0,0
CUST00354,3559,1,1,2495.65,-469,1,560.38,0,1,14,0,0.0,1,0,0,1,0.6406,0.6406,0,0,0,1
CUST00833,1126,0,0,0.0,999,2,47433.56,0,0,14,1,7.1,3,0,0,2,0.6718,0.5781,0,0,1,1
CUST00394,716,1,1,203.32,-1444,0,0.0,0,0,4,0,0.0,4,0,0,2,0.3808,-0.0039,1,0,0,0
CUST00152,4008,2,2,3489.73,-672,0,0.0,0,0,16,1,6.3,1,0,0,0,0.0,0.0,0,0,0,0
CUST00470,2897,1,1,375.64,-279,2,21521.19,2,0,13,0,0.0,5,0,0,2,0.3106,-0.0508,0,0,2,1
CUST00541,1583,1,1,1886.37,-1080,0,0.0,0,0,4,0,0.0,2,0,0,1,0.0781,0.0781,0,0,1,0
CUST00916,2133,1,1,1514.7,-2171,0,0.0,0,0,1,0,0.0,2,0,0,1,0.3359,0.3359,0,0,1,0
CUST00211,729,2,2,2070.85,-1646,1,79210.75,0,0,6,0,0.0,1,1,1,1,-0.8174,-0.8174,1,0,0,0
CUST00362,151,2,2,5527.87,-152,1,63617.15,0,0,14,3,21.4,1,0,0,1,0.7031,0.7031,0,0,0,1
CUST00593,3798,3,3,4893.55,-1677,2,39562.91,1,0,16,1,6.3,4,1,1,2,-0.3916,-0.8223,1,0,1,0
CUST00338,796,1,1,2904.32,-1827,1,1044.71,0,0,9,0,0.0,5,0,0,1,0.4141,0.4141,0,0,0,1
CUST00898,2924,0,0,0.0,999,1,130999.52,1,0,12,1,8.3,2,0,0,1,0.75,0.75,0,0,0,1
CUST00757,1018,0,0,0.0,999,0,0.0,0,0,12,1,8.3,1,0,0,1,0.3516,0.3516,0,0,0,0
CUST00885,2519,1,1,1494.97,-1341,0,0.0,0,0,2,0,0.0,1,0,0,0,0.0,0.0,0,0,0,0
CUST00022,1826,1,1,2125.71,-2152,1,34878.27,0,0,13,2,15.4,1,0,0,0,0.0,0.0,0,0,0,1
CUST00388,2621,2,2,1873.86,-1880,2,1679.96,0,0,6,0,0.0,3,1,0,0,0.0,0.0,0,0,0,0
CUST00941,2305,3,3,2801.27,-2284,0,0.0,0,0,16,1,6.3,1,0,0,1,0.5469,0.5469,0,0,0,0
CUST00345,2750,1,1,522.24,-2516,1,9077.93,0,0,12,0,0.0,2,0,0,1,0.7656,0.7656,0,0,0,0
CUST00988,782,1,1,1747.75,194,0,0.0,0,0,1,0,0.0,2,0,0,0,0.0,0.0,0,0,0,0
CUST00389,3614,2,2,4194.77,-1606,1,22651.54,1,0,6,0,0.0,3,0,0,2,0.2364,-0.0273,1,0,1,0
CUST00144,3145,1,1,238.5,-214,1,2481.52,1,0,12,1,8.3,4,1,0,1,0.1406,0.1406,0,0,1,0
CUST00591,158,1,1,4543.31,-825,0,0.0,0,0,2,0,0.0,2,0,0,1,-0.0313,-0.0313,1,0,0,0
CUST00106,2018,0,0,0.0,999,1,41615.49,1,0,12,0,0.0,3,0,0,1,0.4922,0.4922,0,0,0,0
CUST00227,2658,3,3,3949.25,-1566,0,0.0,0,0,8,0,0.0,1,0,0,1,0.0859,0.0859,0,0,1,0
CUST00263,2223,0,0,0.0,999,0,0.0,0,0,4,0,0.0,4,0,0,3,0.5339,0.0313,1,0,0,0
CUST00513,3110,0,0,0.0,999,1,2048.73,0,0,7,0,0.0,2,0,0,2,0.2539,0.0781,1,0,0,1
CUST00883,3191,2,2,3940.22,-1218,1,58081.81,0,1,8,0,0.0,3,0,0,2,0.4141,0.0625,1,0,0,0
CUST00853,3406,1,1,534.73,-1238,0,0.0,0,0,12,1,8.3,2,0,0,1,0.125,0.125,0,1,0,0
CUST00076,1429,1,1,258.17,-1879,0,0.0,0,0,4,0,0.0,2,0,0,0,0.0,0.0,0,0,0,1
CUST00434,697,1,1,616.08,-351,1,712.04,0,0,2,0,0.0,1,0,0,0,0.0,0.0,0,0,0,0
CUST00985,2352,0,0,0.0,999,1,35523.93,0,0,1,0,0.0,3,1,0,0,0.0,0.0,0,0,0,1
CUST00767,1592,1,1,1076.54,-1850,0,0.0,0,0,4,1,25.0,3,2,0,2,-0.8199,-0.8223,2,0,0,0
CUST00698,1167,1,1,193.22,-2640,2,11586.58,0,1,2,0,0.0,3,1,0,1,0.7266,0.7266,0,0,0,0
CUST00692,3132,1,1,2965.82,-219,0,0.0,0,0,4,0,0.0,3,0,0,3,0.3425,-0.0117,1,0,1,0
CUST00524,1518,0,0,0.0,999,2,41273.29,1,1,12,0,0.0,3,0,0,0,0.0,0.0,0,0,0,1
CUST00634,1059,1,1,5584.87,470,0,0.0,0,0,12,0,0.0,4,0,0,2,0.2793,-0.0273,1,0,1,0
CUST00552,1129,1,1,469.4,-1046,0,0.0,0,0,12,1,8.3,1,0,0,1,0.3125,0.3125,0,0,1,0
CUST00527,2047,1,1,1134.41,-245,0,0.0,0,0,2,0,0.0,2,0,0,0,0.0,0.0,0,0,0,0
CUST00683,3427,0,0,0.0,999,0,0.0,0,0,2,0,0.0,3,0,0,1,0.3359,0.3359,0,0,0,0
CUST00171,2816,2,2,1620.44,-2181,1,4813.76,0,1,6,2,33.3,1,0,0,0,0.0,0.0,0,0,0,0
CUST00860,1124,1,1,5062.7,-405,3,76004.83,2,0,6,1,16.7,3,0,0,0,0.0,0.0,0,0,0,1
CUST00443,2322,1,1,499.55,223,2,11486.77,2,0,5,1,20.0,3,0,0,1,0.7344,0.7344,0,0,0,1
CUST00737,82,0,0,0.0,999,0,0.0,0,0,4,0,0.0,3,0,0,1,0.7344,0.7344,0,0,0,1
CUST00835,3182,1,1,396.41,-1252,0,0.0,0,0,16,0,0.0,2,0,0,0,0.0,0.0,0,0,0,1
CUST00189,844,1,1,1011.0,-1509,0,0.0,0,0,12,0,0.0,4,0,0,3,0.2136,-0.0234,0,0,2,0
CUST00235,258,1,1,715.61,-856,0,0.0,0,0,12,0,0.0,1,0,0,1,0.6328,0.6328,0,0,1,0
CUST00823,3076,1,1,1811.98,-2098,0,0.0,0,0,12,0,0.0,5,0,0,3,0.7213,0.5625,0,0,1,0
CUST00249,673,0,0,0.0,999,0,0.0,0,0,4,0,0.0,3,0,0,0,0.0,0.0,0,0,0,1
CUST00888,3427,1,1,768.02,-2267,0,0.0,0,0,4,0,0.0,1,0,0,0,0.0,0.0,0,0,0,1
CUST00469,1672,1,1,1206.07,-176,0,0.0,0,0,12,0,0.0,2,0,0,0,0.0,0.0,0,0,0,0
CUST00518,1622,3,3,4147.5,-1421,1,2053.39,0,0,5,0,0.0,3,0,0,2,0.4961,0.4766,0,0,1,0
CUST00023,96,3,3,8744.1,-901,2,2399.68,0,1,14,0,0.0,2,0,0,2,0.5703,0.3047,0,0,0,0
CUST00859,2125,0,0,0.0,999,0,0.0,0,0,4,0,0.0,2,0,0,1,0.8281,0.8281,0,0,0,1
CUST00809,194,1,1,2676.56,-780,0,0.0,0,0,14,3,21.4,2,0,0,1,0.1328,0.1328,0,0,1,1
CUST00195,254,2,2,2038.65,-419,0,0.0,0,0,7,1,14.3,2,0,0,0,0.0,0.0,0,0,0,1
CUST00141,667,1,1,569.76,-425,0,0.0,0,0,1,0,0.0,4,0,0,1,0.8359,0.8359,0,0,0,0
CUST00556,3823,1,1,5723.57,-1634,1,36074.85,0,0,1,0,0.0,4,0,0,2,0.3477,0.0078,1,0,0,0
CUST00674,1773,1,1,557.03,154,0,0.0,0,0,1,1,100.0,2,0,0,0,0.0,0.0,0,0,0,0
CUST00259,1205,1,1,2014.23,267,1,1049.68,1,0,2,0,0.0,3,1,0,1,0.1875,0.1875,0,1,0,0
CUST00908,2612,2,2,1308.49,-1504,0,0.0,0,0,18,1,5.6,1,0,0,1,0.0859,0.0859,0,1,0,1
CUST00496,1866,1,1,2210.82,-1176,0,0.0,0,0,1,0,0.0,3,0,0,3,0.6328,0.5234,0,0,2,0
CUST00359,608,1,1,4848.03,-1686,2,49503.64,1,0,12,0,0.0,1,0,0,0,0.0,0.0,0,0,0,0
CUST00880,341,0,0,0.0,999,1,197325.58,0,1,8,1,12.5,1,1,0,0,0.0,0.0,0,0,0,1
CUST00868,1704,1,1,1751.86,-900,0,0.0,0,0,4,1,25.0,1,0,0,0,0.0,0.0,0,0,0,0
CUST00295,2717,1,1,320.14,-627,3,52965.22,0,0,7,0,0.0,2,0,0,0,0.0,0.0,0,0,0,1
CUST00219,1446,1,1,4108.02,-179,0,0.0,0,0,16,2,12.5,1,0,0,1,0.5547,0.5547,0,0,0,1
CUST00085,2699,0,0,0.0,999,0,0.0,0,0,1,0,0.0,1,0,0,0,0.0,0.0,0,0,0,1
CUST00260,3186,2,2,6718.09,-2735,0,0.0,0,0,5,0,0.0,3,1,0,3,0.0374,-0.8096,1,1,0,0
CUST00221,764,0,0,0.0,999,0,0.0,0,0,1,0,0.0,4,1,0,1,-0.0508,-0.0508,0,0,1,1
CUST00838,2159,0,0,0.0,999,2,11876.12,1,0,10,1,10.0,2,0,0,1,0.25,0.25,0,1,0,1
CUST00953,1373,1,1,3622.28,-1418,0,0.0,0,0,12,0,0.0,1,0,0,1,0.8438,0.8438,0,0,0,0
CUST00370,577,1,1,2167.68,274,1,12236.34,0,0,4,0,0.0,2,0,0,1,0.7891,0.7891,0,0,0,0
CUST00326,2971,2,2,2054.13,-2070,1,1448.82,0,0,8,0,0.0,2,2,0,1,-0.8193,-0.8193,1,0,0,0
CUST00118,2714,1,1,2455.44,388,0,0.0,0,0,5,0,0.0,3,0,0,0,0.0,0.0,0,0,0,0
CUST00783,3910,1,1,1322.01,61,1,8761.01,1,0,4,0,0.0,4,0,0,0,0.0,0.0,0,0,0,0
CUST00288,3610,0,0,0.0,999,4,19154.72,1,0,5,0,0.0,2,0,0,1,-0.0078,-0.0078,1,0,0,1
CUST00960,215,2,2,7465.52,-1469,1,97341.41,0,0,17,2,11.8,1,0,0,0,0.0,0.0,0,0,0,1
CUST00170,1903,1,1,980.49,-2671,0,0.0,0,0,12,0,0.0,1,0,0,1,0.6484,0.6484,0,0,1,0
CUST00297,454,0,0,0.0,999,1,85111.83,0,0,2,0,0.0,3,0,0,2,0.4492,0.0703,0,0,0,1
CUST00957,961,2,2,2141.79,-1453,3,14579.46,2,0,25,1,4.0,1,0,0,0,0.0,0.0,0,0,0,1
CUST00187,2822,1,1,1374.64,-973,2,6655.56,1,0,36,1,2.8,4,0,0,1,0.1406,0.1406,0,1,0,1
CUST00456,575,0,0,0.0,999,0,0.0,0,0,2,0,0.0,3,0,0,1,-0.0195,-0.0195,1,0,0,1
CUST00435,2239,0,0,0.0,999,3,66629.15,1,0,16,1,6.3,3,0,0,1,0.6172,0.6172,0,0,0,1
CUST00176,3288,3,3,4392.52,-1887,2,5657.71,0,1,18,2,11.1,3,0,0,0,0.0,0.0,0,0,0,0
CUST00606,3165,3,3,5384.64,-2587,1,655.82,0,1,20,3,15.0,4,1,0,1,0.6953,0.6953,0,0,1,0
CUST00139,1835,1,1,4141.14,-242,4,32943.38,0,0,5,0,0.0,2,0,0,0,0.0,0.0,0,0,0,1
CUST00831,3560,2,2,4143.14,-670,0,0.0,0,0,13,0,0.0,4,0,0,2,0.4649,0.1563,0,1,0,0
CUST00405,3140,1,1,4293.7,-152,0,0.0,0,0,2,0,0.0,2,0,0,0,0.0,0.0,0,0,0,1
CUST00446,3149,1,1,588.74,-1772,0,0.0,0,0,2,0,0.0,1,0,0,1,0.3828,0.3828,0,0,1,0
CUST00233,3771,1,1,1306.57,-1243,2,65958.05,0,1,6,1,16.7,4,0,0,3,0.3815,-0.0195,1,0,2,0
CUST00181,3691,1,1,1467.17,-1108,0,0.0,0,0,5,0,0.0,2,1,0,0,0.0,0.0,0,0,0,1
CUST00306,2427,2,2,2463.66,-2145,1,101694.31,0,0,5,0,0.0,1,1,0,0,0.0,0.0,0,0,0,0
CUST00789,701,1,1,2307.37,212,3,34942.22,1,0,8,0,0.0,2,0,0,1,0.6719,0.6719,0,0,1,1
CUST00648,4065,0,0,0.0,999,0,0.0,0,0,2,0,0.0,1,0,0,0,0.0,0.0,0,0,0,0
CUST00036,3683,0,0,0.0,999,1,82686.88,0,0,4,0,0.0,5,1,0,1,-0.8193,-0.8193,1,0,0,1
CUST00186,1630,2,2,6398.86,-1212,0,0.0,0,0,14,1,7.1,1,0,0,1,0.7578,0.7578,0,0,0,0
CUST00663,3317,1,1,467.94,-1794,2,24515.97,1,0,1,1,100.0,4,1,0,1,-0.8223,-0.8223,1,0,0,0
CUST00760,2952,2,2,4419.63,-1162,1,155544.87,1,0,3,0,0.0,3,0,0,1,0.6641,0.6641,0,0,1,0
CUST00210,2236,1,1,1878.03,199,0,0.0,0,0,2,0,0.0,5,0,0,1,0.7813,0.7813,0,0,0,0
CUST00495,2884,0,0,0.0,999,0,0.0,0,0,2,0,0.0,5,0,0,2,0.4415,0.1563,0,0,1,1
CUST00827,535,1,1,263.01,-175,0,0.0,0,0,12,1,8.3,3,0,0,2,0.543,0.3672,0,1,0,0
CUST00193,410,1,1,5650.11,319,0,0.0,0,0,13,1,7.7,3,0,0,2,0.7461,0.6719,0,0,0,1
CUST00540,1416,1,1,847.6,-1501,0,0.0,0,0,12,1,8.3,1,0,0,1,0.2344,0.2344,0,0,0,0
CUST00322,2890,3,3,4541.28,-2076,0,0.0,0,0,15,2,13.3,2,0,0,2,0.7735,0.7422,0,0,0,0
CUST00237,1441,2,2,2015.33,-699,1,78073.0,0,0,13,0,0.0,3,0,0,2,0.1914,0.1875,0,1,0,0
CUST00048,1151,0,0,0.0,999,0,0.0,0,0,4,0,0.0,2,0,0,0,0.0,0.0,0,0,0,0
CUST00706,1802,0,0,0.0,999,0,0.0,0,0,4,0,0.0,3,0,0,2,0.1602,0.0156,1,0,0,0
CUST00538,1241,1,1,4478.45,-602,0,0.0,0,0,2,1,50.0,3,0,0,0,0.0,0.0,0,0,0,0
CUST00980,3013,1,1,580.0,-1390,2,92421.02,1,1,4,1,25.0,2,0,0,0,0.0,0.0,0,0,0,0
CUST00169,1551,2,2,2262.85,-729,2,65807.78,0,0,4,0,0.0,1,0,0,0,0.0,0.0,0,0,0,0
CUST00008,2063,0,0,0.0,999,1,102449.71,0,0,2,0,0.0,3,0,0,1,0.8359,0.8359,0,0,0,1
CUST00763,2878,1,1,2959.92,-1089,0,0.0,0,0,14,2,14.3,1,0,0,0,0.0,0.0,0,0,0,0
CUST00927,3967,1,1,1990.34,-2634,3,6496.55,0,0,8,0,0.0,1,1,0,0,0.0,0.0,0,0,0,1
CUST00111,3910,1,1,2883.72,-477,0,0.0,0,0,18,0,0.0,2,0,0,1,-0.0195,-0.0195,0,0,0,1
CUST00298,1391,0,0,0.0,999,0,0.0,0,0,12,1,8.3,1,0,0,0,0.0,0.0,0,0,0,1
CUST00797,3922,1,1,1411.11,-1679,0,0.0,0,0,6,0,0.0,4,0,0,2,0.4766,0.1172,0,1,0,1
CUST00596,3517,1,1,4924.71,-523,3,47987.09,0,1,8,0,0.0,3,0,0,1,0.7578,0.7578,0,0,0,1
CUST00930,736,1,1,1301.44,-2266,0,0.0,0,0,1,0,0.0,3,0,0,1,0.6797,0.6797,0,0,1,0
CUST00925,3792,1,1,2340.86,1,0,0.0,0,0,12,3,25.0,3,0,0,1,0.7813,0.7813,0,0,0,0
CUST00162,2392,2,2,2834.35,6,0,0.0,0,0,16,0,0.0,1,0,0,0,0.0,0.0,0,0,0,0
CUST00633,98,1,1,1233.68,-125,1,33523.6,0,0,5,0,0.0,2,0,0,0,0.0,0.0,0,0,0,1
CUST00601,1948,2,2,2084.51,-466,0,0.0,0,0,13,0,0.0,2,0,0,1,0.7734,0.7734,0,0,0,0
CUST00640,1277,2,2,3137.44,-1934,1,12398.91,1,0,14,1,7.1,4,0,0,2,0.625,0.4141,0,0,0,0
CUST00127,2929,2,2,5396.85,-592,0,0.0,0,0,3,1,33.3,2,0,0,0,0.0,0.0,0,0,0,0
CUST00558,1287,0,0,0.0,999,0,0.0,0,0,1,0,0.0,1,0,0,0,0.0,0.0,0,0,0,1
CUST00566,3448,0,0,0.0,999,0,0.0,0,0,12,0,0.0,1,0,0,1,-0.0078,-0.0078,1,0,0,1
CUST00402,1929,1,1,2992.52,264,2,36838.35,0,1,5,0,0.0,2,0,0,0,0.0,0.0,0,0,0,0
CUST00253,88,1,1,592.53,-747,0,0.0,0,0,2,0,0.0,2,0,0,0,0.0,0.0,0,0,0,0
CUST00104,100,1,1,2796.48,-1924,0,0.0,0,0,24,0,0.0,1,0,0,1,0.6328,0.6328,0,0,1,1
CUST00811,3132,0,0,0.0,999,1,8023.73,0,0,1,0,0.0,1,0,0,1,-0.0117,-0.0117,0,1,0,0
CUST00543,2820,1,1,2823.52,-974,1,14831.3,0,0,5,0,0.0,2,0,0,1,0.6484,0.6484,0,0,0,1
CUST00350,2193,1,1,1538.92,-761,1,7427.0,0,0,5,0,0.0,3,0,0,1,0.7344,0.7344,0,0,0,1
CUST00530,4215,2,2,2641.62,-2713,1,160882.38,0,1,16,1,6.3,2,0,0,0,0.0,0.0,0,0,0,0
CUST00398,1909,2,2,5957.54,-2519,0,0.0,0,0,16,0,0.0,4,0,0,1,0.7656,0.7656,0,0,0,0
CUST00355,2186,0,0,0.0,999,0,0.0,0,0,4,0,0.0,2,0,0,1,0.3438,0.3438,0,1,0,1
CUST00630,1841,2,2,974.63,-809,1,10047.06,0,0,6,0,0.0,3,1,0,1,-0.8096,-0.8096,1,0,0,0
CUST00803,84,1,1,551.37,-1791,0,0.0,0,0,2,1,50.0,2,0,0,0,0.0,0.0,0,0,0,1
CUST00468,3965,1,1,1188.26,-2140,0,0.0,0,0,4,0,0.0,3,1,0,1,-0.8145,-0.8145,1,0,0,0
CUST00425,1324,0,0,0.0,999,1,71372.92,0,0,2,0,0.0,3,1,0,1,0.7266,0.7266,0,0,0,1
CUST00568,1297,0,0,0.0,999,0,0.0,0,0,4,0,0.0,3,0,0,1,0.2734,0.2734,0,0,1,0
CUST00096,2827,1,1,1599.23,60,1,8374.52,0,0,5,1,20.0,3,0,0,2,0.7227,0.6172,0,0,1,0
CUST00667,2879,0,0,0.0,999,1,57631.78,0,0,5,0,0.0,5,1,0,2,0.0625,-0.0234,0,0,2,1
CUST00934,1251,0,0,0.0,999,0,0.0,0,0,14,0,0.0,1,0,0,1,0.0625,0.0625,0,0,1,1
CUST00580,481,0,0,0.0,999,0,0.0,0,0,1,0,0.0,2,0,0,1,0.8281,0.8281,0,0,0,1
CUST00145,3725,3,3,7318.92,-1433,0,0.0,0,0,9,0,0.0,4,0,0,0,0.0,0.0,0,0,0,0
CUST00308,1449,1,1,350.72,-1048,1,38667.62,0,1,1,0,0.0,1,0,0,0,0.0,0.0,0,0,0,0
CUST00923,19,1,1,2464.36,185,1,3839.0,0,1,24,5,20.8,2,0,0,2,0.1055,-0.0078,1,0,1,1
CUST00105,741,2,2,6735.39,-1778,1,13709.32,0,0,20,0,0.0,2,0,0,0,0.0,0.0,0,0,0,0
CUST00113,976,0,0,0.0,999,0,0.0,0,0,1,0,0.0,1,0,0,0,0.0,0.0,0,0,0,1
CUST00212,234,2,2,1972.38,-1534,0,0.0,0,0,3,0,0.0,1,1,0,0,0.0,0.0,0,0,0,0
CUST00894,2045,0,0,0.0,999,0,0.0,0,0,4,0,0.0,5,0,0,1,0.8359,0.8359,0,0,0,1
CUST00794,3412,1,1,1454.57,-541,1,13938.37,1,0,4,0,0.0,1,0,0,0,0.0,0.0,0,0,0,1
CUST00040,983,1,1,161.8,118,2,18726.52,0,1,4,0,0.0,2,0,0,1,0.1875,0.1875,0,0,1,0
CUST00787,963,1,1,1340.58,-1840,1,27948.31,0,0,1,0,0.0,2,0,0,0,0.0,0.0,0,0,0,0
CUST00002,117,1,1,1186.98,-395,0,0.0,0,0,16,0,0.0,1,0,0,0,0.0,0.0,0,0,0,1
CUST00351,3287,3,3,3520.67,-347,3,27570.49,0,2,9,0,0.0,2,0,0,1,0.7656,0.7656,0,0,0,0
CUST00313,241,2,2,3112.31,-1023,0,0.0,0,0,17,3,17.6,2,0,0,1,0.7109,0.7109,0,0,0,1
CUST00743,2515,0,0,0.0,999,0,0.0,0,0,4,0,0.0,2,0,0,1,0.7344,0.7344,0,0,0,1
CUST00818,167,2,2,3583.43,342,2,7915.4,0,0,5,0,0.0,1,0,0,0,0.0,0.0,0,0,0,0
CUST00914,1057,2,2,3108.35,-2098,0,0.0,0,0,4,0,0.0,3,0,0,2,0.4531,0.0781,0,0,1,0
CUST00178,3586,1,1,2373.05,-875,0,0.0,0,0,12,1,8.3,3,0,0,0,0.0,0.0,0,0,0,0
CUST00142,620,0,0,0.0,999,0,0.0,0,0,2,1,50.0,3,0,0,1,0.6406,0.6406,0,0,1,1
CUST00531,2286,1,1,2930.82,-2278,1,97737.88,0,0,2,1,50.0,2,0,0,1,0.7578,0.7578,0,0,0,0
CUST00301,1003,0,0,0.0,999,0,0.0,0,0,12,0,0.0,2,0,0,1,0.1328,0.1328,0,0,1,1
CUST00058,539,2,2,2578.84,-1233,1,21413.51,0,1,28,2,7.1,1,0,0,1,0.6719,0.6719,0,0,0,0
CUST00329,1761,1,1,2370.0,-295,0,0.0,0,0,12,2,16.7,2,0,0,1,0.6563,0.6563,0,0,0,0
CUST00855,456,1,1,612.71,327,0,0.0,0,0,4,0,0.0,2,0,0,0,0.0,0.0,0,0,0,0
CUST00913,1351,0,0,0.0,999,1,100379.28,0,0,2,1,50.0,3,0,0,1,0.3984,0.3984,0,0,0,0
CUST00269,286,1,1,1280.14,-769,1,65301.98,1,0,16,1,6.3,1,0,0,0,0.0,0.0,0,0,0,1
CUST00973,2333,1,1,2228.89,-437,1,15392.07,0,0,1,0,0.0,1,0,0,0,0.0,0.0,0,0,0,0
CUST00897,1414,2,2,6270.48,-2670,0,0.0,0,0,8,0,0.0,4,0,0,1,0.8359,0.8359,0,0,0,0
CUST00684,2670,3,3,5237.79,-1868,2,125636.19,0,1,25,2,8.0,3,1,0,0,0.0,0.0,0,0,0,0
CUST00512,3934,2,2,862.02,-1135,1,663.6,0,0,5,0,0.0,1,0,0,0,0.0,0.0,0,0,0,0
CUST00268,3538,0,0,0.0,999,1,19100.46,0,0,12,1,8.3,4,0,0,1,0.7891,0.7891,0,0,0,1
CUST00032,1535,0,0,0.0,999,2,41585.62,1,0,17,1,5.9,3,1,0,2,-0.1221,-0.8223,1,0,1,1
CUST00652,3501,1,1,1147.99,-1856,1,42348.0,0,1,4,0,0.0,3,0,0,1,0.7188,0.7188,0,0,1,0
CUST00551,1178,1,1,4331.87,-741,3,16184.0,0,1,6,1,16.7,2,0,0,1,0.0547,0.0547,0,0,1,1
CUST00015,2904,1,1,1827.37,456,2,8646.85,1,0,25,2,8.0,3,0,0,0,0.0,0.0,0,0,0,0
CUST00445,3005,2,2,1655.54,-956,1,2958.95,0,0,4,1,25.0,1,0,0,0,0.0,0.0,0,0,0,0
CUST00849,576,0,0,0.0,999,1,25417.57,1,0,4,0,0.0,4,0,0,3,0.6016,0.4531,0,0,1,1
CUST00537,3737,1,1,2222.14,268,1,5661.24,0,1,13,1,7.7,2,0,0,1,0.6875,0.6875,0,0,0,0
CUST00576,3987,1,1,1582.28,-2212,1,4680.05,1,0,24,1,4.2,2,0,0,0,0.0,0.0,0,0,0,1
CUST00243,3248,1,1,4695.35,-2613,2,62211.49,0,1,12,1,8.3,3,0,0,1,0.7266,0.7266,0,0,0,0
CUST00248,3006,1,1,1561.12,-1801,4,17107.45,2,0,18,1,5.6,4,0,0,2,0.3594,0.3516,0,0,0,1
CUST00411,3060,0,0,0.0,999,1,115350.02,1,0,1,0,0.0,3,1,0,1,0.7813,0.7813,0,0,0,1
CUST00659,1017,1,1,1432.96,196,0,0.0,0,0,12,0,0.0,3,0,0,1,0.5391,0.5391,0,0,1,0
CUST00626,3301,1,1,1551.15,-449,1,39383.63,0,0,3,1,33.3,2,0,0,1,0.8359,0.8359,0,0,0,1
CUST00184,822,0,0,0.0,999,2,30408.21,0,0,6,0,0.0,2,0,0,1,0.3125,0.3125,0,0,0,1
CUST00804,2136,1,1,3189.87,285,1,26467.76,0,0,2,0,0.0,5,0,0,2,0.6133,0.3984,0,0,0,0
CUST00072,3183,1,1,582.17,-961,0,0.0,0,0,6,0,0.0,3,0,0,3,0.5625,0.4766,0,0,2,1
CUST00174,935,1,1,1964.25,-1577,0,0.0,0,0,13,1,7.7,2,0,0,1,0.8438,0.8438,0,0,0,1
CUST00129,1009,2,2,3383.79,180,1,57700.47,0,0,3,0,0.0,4,0,0,2,0.375,0.0,1,0,0,0
CUST00686,1447,0,0,0.0,999,1,2269.62,0,0,2,0,0.0,2,0,0,2,0.2149,0.0,1,1,0,1
CUST00005,3687,1,1,1255.89,-1414,1,1653.45,0,0,2,0,0.0,2,1,0,1,0.6484,0.6484,0,0,1,0
CUST00455,2791,1,1,1550.37,-2556,1,11395.98,0,0,5,1,20.0,5,0,0,3,0.6693,0.3906,0,0,0,0
CUST00694,3878,0,0,0.0,999,1,4091.06,0,0,12,3,25.0,1,0,0,0,0.0,0.0,0,0,0,1
CUST00569,620,2,2,6918.96,-1661,0,0.0,0,0,2,2,100.0,2,0,0,1,0.3906,0.3906,0,1,0,0
CUST00949,2524,0,0,0.0,999,1,828.43,0,0,4,0,0.0,1,0,0,0,0.0,0.0,0,0,0,1
CUST00677,923,0,0,0.0,999,1,2378.13,1,0,12,1,8.3,3,0,0,2,0.8086,0.7734,0,0,0,1
CUST00234,2055,1,1,1339.5,-947,0,0.0,0,0,2,0,0.0,1,0,0,0,0.0,0.0,0,0,0,0
CUST00539,3339,0,0,0.0,999,0,0.0,0,0,1,0,0.0,1,0,0,0,0.0,0.0,0,0,0,1
CUST00100,540,1,1,1634.39,-2353,0,0.0,0,0,1,0,0.0,5,0,0,3,0.2735,-0.0078,0,2,1,0
CUST00840,2251,0,0,0.0,999,1,6108.58,0,0,4,0,0.0,3,0,0,2,0.6211,0.6094,0,0,1,0
CUST00180,3784,0,0,0.0,999,2,63615.55,1,0,1,0,0.0,2,0,0,0,0.0,0.0,0,0,0,1
CUST00147,3550,1,1,1823.41,-2469,1,24849.22,0,0,4,1,25.0,3,0,0,0,0.0,0.0,0,0,0,0
CUST00520,1932,1,1,2008.8,-1654,1,23340.38,0,0,24,0,0.0,2,1,0,1,-0.8174,-0.8174,1,0,0,1
CUST00961,3083,2,2,4815.38,-1616,1,6994.19,0,0,8,2,25.0,2,0,0,1,0.0078,0.0078,0,0,0,0
CUST00395,270,2,2,7366.23,-754,1,11059.44,0,0,13,1,7.7,2,0,0,1,0.6328,0.6328,0,0,1,0
CUST00754,1445,2,2,898.14,-901,6,30574.67,1,1,3,0,0.0,3,0,0,2,0.7539,0.6719,0,0,1,1
CUST00172,3377,2,2,3129.1,-1478,0,0.0,0,0,6,1,16.7,2,0,0,2,0.6016,0.5703,0,0,2,0
CUST00453,3853,1,1,280.17,-15,0,0.0,0,0,12,1,8.3,4,0,0,3,0.3255,-0.0078,1,0,1,0
CUST00337,1616,1,1,1295.71,-917,1,34964.14,1,0,12,0,0.0,2,0,0,1,0.75,0.75,0,0,0,0
CUST00990,2198,1,1,315.72,-1460,0,0.0,0,0,17,1,5.9,2,0,0,2,0.3828,-0.0078,1,0,0,1
CUST00758,141,2,2,3733.7,-1263,2,12463.4,0,0,16,0,0.0,3,0,0,1,0.2266,0.2266,0,1,0,0
CUST00173,497,3,3,4567.37,-1341,0,0.0,0,0,15,2,13.3,3,0,0,0,0.0,0.0,0,0,0,0
CUST00429,2210,0,0,0.0,999,0,0.0,0,0,4,0,0.0,1,1,1,0,0.0,0.0,0,0,0,0
CUST00583,1821,2,2,2488.09,-139,0,0.0,0,0,16,2,12.5,2,0,0,1,0.1875,0.1875,0,1,0,0
CUST00702,3127,2,2,6164.34,-2382,0,0.0,0,0,13,1,7.7,1,0,0,0,0.0,0.0,0,0,0,0
CUST00567,1350,1,1,1104.57,-1073,0,0.0,0,0,4,0,0.0,3,0,0,1,0.8125,0.8125,0,0,0,0
CUST00664,1592,1,1,3601.52,-1733,0,0.0,0,0,2,0,0.0,2,0,0,1,0.6719,0.6719,0,0,1,0
CUST00397,2627,2,2,7975.16,-2730,1,12294.13,0,1,24,0,0.0,2,0,0,1,0.5234,0.5234,0,0,1,0
CUST00450,3992,1,1,2047.61,-690,0,0.0,0,0,3,0,0.0,3,0,0,1,0.75,0.75,0,0,0,0
CUST00012,2099,1,1,2688.75,402,0,0.0,0,0,4,0,0.0,5,1,0,2,0.2618,0.0469,0,0,0,0
CUST00334,2834,2,2,2857.74,115,1,146180.08,0,0,24,1,4.2,3,0,0,1,0.7734,0.7734,0,0,0,0
CUST00812,3572,1,1,1874.64,-980,2,132353.81,0,0,2,0,0.0,5,1,0,1,0.3516,0.3516,0,0,0,0
CUST00084,1014,1,1,4330.74,-1260,0,0.0,0,0,12,0,0.0,3,0,0,0,0.0,0.0,0,0,0,0
CUST00214,3116,0,0,0.0,999,1,18268.89,0,1,4,0,0.0,1,1,0,1,-0.8174,-0.8174,1,0,0,0
CUST00778,3211,0,0,0.0,999,0,0.0,0,0,12,1,8.3,1,0,0,1,0.7578,0.7578,0,0,0,1
CUST00497,3343,0,0,0.0,999,2,72106.48,1,0,24,2,8.3,2,1,0,0,0.0,0.0,0,0,0,1
CUST00016,1197,1,1,3188.76,-2052,0,0.0,0,0,1,0,0.0,3,0,0,0,0.0,0.0,0,0,0,0
CUST00067,211,1,1,1353.59,-281,0,0.0,0,0,1,0,0.0,3,0,0,0,0.0,0.0,0,0,0,0
CUST00290,3708,1,1,3105.96,-355,0,0.0,0,0,4,0,0.0,1,0,0,0,0.0,0.0,0,0,0,0
CUST00348,89,1,1,1998.81,314,1,55687.78,0,0,5,1,20.0,1,0,0,0,0.0,0.0,0,0,0,1
CUST00788,2207,0,0,0.0,999,0,0.0,0,0,12,1,8.3,3,0,0,1,0.4141,0.4141,0,0,0,1
CUST00423,3779,0,0,0.0,999,1,84582.47,0,0,2,0,0.0,5,1,0,2,0.7461,0.7109,0,0,0,0
CUST00300,1754,1,1,506.84,-1794,1,5055.94,0,0,24,3,12.5,2,0,0,0,0.0,0.0,0,0,0,1
CUST00128,3569,0,0,0.0,999,1,8750.88,1,0,4,0,0.0,2,0,0,0,0.0,0.0,0,0,0,1
CUST00138,2072,1,1,1964.12,-1034,3,46913.71,1,0,9,1,11.1,2,0,0,1,0.4453,0.4453,0,1,0,1
CUST00494,3824,2,2,6422.08,-2270,3,30145.97,2,0,15,1,6.7,2,0,0,0,0.0,0.0,0,0,0,1
CUST00089,3244,2,2,2682.21,-1760,3,47656.09,1,0,18,2,11.1,3,0,0,1,0.2266,0.2266,0,1,0,0
CUST00342,2647,1,1,877.57,-2221,1,9016.67,0,0,16,0,0.0,1,0,0,0,0.0,0.0,0,0,0,1
CUST00055,1594,0,0,0.0,999,0,0.0,0,0,2,0,0.0,3,0,0,1,0.7813,0.7813,0,0,0,0
CUST00018,382,0,0,0.0,999,1,40250.16,0,1,4,1,25.0,3,0,0,2,0.3945,0.0234,0,0,1,0
CUST00331,3386,1,1,355.82,-291,1,19758.03,0,0,2,0,0.0,4,0,0,2,0.3438,0.1484,0,0,2,0
CUST00628,315,1,1,1600.47,-309,0,0.0,0,0,1,0,0.0,1,0,0,0,0.0,0.0,0,0,0,0
CUST00574,3467,1,1,4447.6,-2230,1,29068.49,1,0,1,0,0.0,2,1,0,2,-0.0923,-0.8174,1,0,1,0
CUST00713,2822,2,2,1886.95,-2386,1,5451.49,0,0,13,0,0.0,2,1,0,0,0.0,0.0,0,0,0,0
CUST00061,335,1,1,1041.4,-1967,2,3734.87,0,0,5,1,20.0,1,1,0,1,-0.8066,-0.8066,1,0,0,1
CUST00353,3076,0,0,0.0,999,0,0.0,0,0,1,0,0.0,3,0,0,1,0.1719,0.1719,0,1,0,1
CUST00971,316,1,1,320.96,-13,0,0.0,0,0,5,1,20.0,4,1,0,3,0.2347,-0.8115,1,0,0,1
CUST00999,2798,1,1,474.2,257,0,0.0,0,0,3,0,0.0,2,0,0,0,0.0,0.0,0,0,0,1
CUST00491,2784,2,2,2866.07,-2293,2,100142.82,2,0,16,1,6.3,4,0,0,1,0.6953,0.6953,0,0,0,0
CUST00631,1874,0,0,0.0,999,0,0.0,0,0,2,0,0.0,3,0,0,2,0.6992,0.6328,0,0,0,1
CUST00335,2223,2,2,5090.5,-810,2,3793.44,1,0,6,0,0.0,1,0,0,0,0.0,0.0,0,0,0,0
CUST00958,1349,1,1,2090.13,-317,0,0.0,0,0,12,0,0.0,2,0,0,0,0.0,0.0,0,0,0,0
CUST00101,2385,0,0,0.0,999,1,41592.19,0,1,8,0,0.0,2,0,0,1,0.7656,0.7656,0,0,0,1
CUST00693,3721,2,2,1875.52,-1805,0,0.0,0,0,3,0,0.0,2,0,0,0,0.0,0.0,0,0,0,0
CUST00482,3675,3,3,2382.2,-1074,0,0.0,0,0,8,0,0.0,3,0,0,1,0.7578,0.7578,0,0,0,0
CUST00776,1745,0,0,0.0,999,0,0.0,0,0,12,0,0.0,4,0,0,2,0.4688,0.375,0,0,1,1
CUST00202,3987,1,1,575.28,250,0,0.0,0,0,6,0,0.0,1,0,0,0,0.0,0.0,0,0,0,1
CUST00966,103,0,0,0.0,999,0,0.0,0,0,2,0,0.0,3,0,0,0,0.0,0.0,0,0,0,1
CUST00244,1922,2,2,4095.71,-2603,4,42032.46,2,0,17,2,11.8,1,0,0,1,0.6641,0.6641,0,0,0,1
CUST00672,4003,1,1,1673.89,-477,0,0.0,0,0,6,0,0.0,2,1,0,0,0.0,0.0,0,0,0,0
CUST00416,260,0,0,0.0,999,0,0.0,0,0,4,1,25.0,5,0,0,1,-0.0156,-0.0156,1,0,0,0
CUST00307,3673,1,1,1334.81,389,0,0.0,0,0,12,0,0.0,2,1,0,0,0.0,0.0,0,0,0,0
CUST00281,3983,2,2,4626.05,-2648,0,0.0,0,0,3,0,0.0,2,1,0,1,0.8281,0.8281,0,0,0,0
CUST00484,464,1,1,1092.87,189,1,33252.68,0,1,14,0,0.0,3,0,0,2,0.6563,0.5703,0,0,0,1
CUST00120,1515,1,1,749.82,-2016,2,19063.77,0,0,1,0,0.0,1,0,0,1,0.7969,0.7969,0,0,0,0
CUST00115,209,2,2,2014.43,-2697,1,40835.28,0,0,16,0,0.0,2,0,0,1,0.4766,0.4766,0,0,1,0
CUST00093,2322,1,1,2550.96,-348,0,0.0,0,0,25,2,8.0,2,0,0,1,0.0156,0.0156,1,0,0,1
CUST00625,2085,2,2,1109.9,-2725,1,1064.61,1,0,24,0,0.0,5,0,0,1,0.7656,0.7656,0,0,0,0
CUST00741,1435,0,0,0.0,999,0,0.0,0,0,4,0,0.0,1,0,0,0,0.0,0.0,0,0,0,1
CUST00280,1154,0,0,0.0,999,0,0.0,0,0,4,0,0.0,1,0,0,1,0.8359,0.8359,0,0,0,1
CUST00257,4204,1,1,402.85,-1875,1,4379.51,0,0,2,0,0.0,2,0,0,1,0.7188,0.7188,0,0,0,0
CUST00887,3821,1,1,2180.0,-232,0,0.0,0,0,2,0,0.0,4,0,0,0,0.0,0.0,0,0,0,0
CUST00529,378,2,2,3532.62,-1925,0,0.0,0,0,6,2,33.3,1,0,0,1,0.7578,0.7578,0,0,0,0
CUST00895,3525,1,1,337.49,-1889,0,0.0,0,0,2,0,0.0,2,0,0,0,0.0,0.0,0,0,0,0
CUST00730,1131,0,0,0.0,999,0,0.0,0,0,2,2,100.0,2,1,0,0,0.0,0.0,0,0,0,0
CUST00264,2210,2,2,1280.51,-1310,0,0.0,0,0,14,1,7.1,2,0,0,0,0.0,0.0,0,0,0,0
CUST00695,93,2,2,4423.65,-1365,0,0.0,0,0,14,0,0.0,3,0,0,1,0.5391,0.5391,0,0,1,0
CUST00691,4013,1,1,239.16,-2044,0,0.0,0,0,1,0,0.0,3,0,0,0,0.0,0.0,0,0,0,0
CUST00110,4193,1,1,5497.12,-2359,0,0.0,0,0,1,0,0.0,1,0,0,1,0.5078,0.5078,0,0,1,0
CUST00851,521,1,1,698.89,-1022,3,18272.09,0,1,16,1,6.3,3,0,0,1,0.7813,0.7813,0,0,0,1
CUST00668,306,1,1,2014.79,-1613,0,0.0,0,0,2,0,0.0,4,0,0,1,-0.0117,-0.0117,1,0,0,0
CUST00284,1844,1,1,2455.33,-1565,1,133180.06,0,0,2,1,50.0,1,0,0,1,0.6719,0.6719,0,0,1,0
CUST00242,4187,0,0,0.0,999,1,124950.56,0,1,6,1,16.7,1,0,0,0,0.0,0.0,0,0,0,1
CUST00457,2857,1,1,928.83,151,0,0.0,0,0,2,0,0.0,4,0,0,2,0.4883,0.1406,0,0,1,0
CUST00296,105,1,1,2078.28,191,0,0.0,0,0,12,0,0.0,2,0,0,1,0.6172,0.6172,0,0,0,0
CUST00357,3685,1,1,1573.83,-25,2,88325.22,2,0,12,0,0.0,3,0,0,1,-0.0703,-0.0703,0,0,1,0
CUST00114,1394,1,1,4104.99,-2319,0,0.0,0,0,12,0,0.0,4,0,0,1,0.0156,0.0156,0,0,1,0
CUST00407,798,1,1,1189.45,-242,2,82929.09,0,0,12,1,8.3,2,0,0,0,0.0,0.0,0,0,0,0
CUST00807,3385,1,1,1193.59,-1208,2,57175.56,1,0,15,1,6.7,3,0,0,2,0.6172,0.4531,0,0,0,1
CUST00943,466,1,1,1904.74,-868,0,0.0,0,0,2,0,0.0,1,0,0,0,0.0,0.0,0,0,0,0
CUST00069,686,1,1,1452.51,-144,0,0.0,0,0,4,0,0.0,1,0,0,0,0.0,0.0,0,0,0,0
CUST00007,2045,0,0,0.0,999,0,0.0,0,0,1,1,100.0,2,0,0,2,0.7969,0.7891,0,0,0,1
CUST00981,497,1,1,4905.12,-2361,1,19803.47,0,0,12,1,8.3,3,1,0,2,-0.0127,-0.8145,1,0,0,0
CUST00421,4000,2,2,4546.73,-1259,0,0.0,0,0,3,0,0.0,3,0,0,0,0.0,0.0,0,0,0,0
CUST00697,972,0,0,0.0,999,0,0.0,0,0,4,0,0.0,4,0,0,1,0.7734,0.7734,0,0,0,0
CUST00978,997,1,1,589.25,-1187,1,13622.78,0,0,2,0,0.0,3,0,0,2,0.1426,-0.0898,0,0,1,0
CUST00267,2723,0,0,0.0,999,1,7581.84,0,0,13,0,0.0,2,0,0,0,0.0,0.0,0,0,0,1
CUST00612,430,1,1,2158.66,-339,1,8581.17,0,1,12,0,0.0,4,0,0,2,0.7344,0.7109,0,0,0,0
CUST00483,2551,1,1,442.56,-1205,2,139211.12,0,0,24,1,4.2,3,0,0,0,0.0,0.0,0,0,0,1
CUST00699,3919,2,2,2008.44,-914,0,0.0,0,0,13,0,0.0,3,0,0,0,0.0,0.0,0,0,0,0
CUST00559,2472,2,2,4373.25,-1654,3,59321.26,1,0,5,0,0.0,4,0,0,0,0.0,0.0,0,0,0,1
CUST00282,302,0,0,0.0,999,0,0.0,0,0,6,0,0.0,2,0,0,0,0.0,0.0,0,0,0,1
CUST00962,1923,1,1,1245.32,-1892,1,6631.48,0,0,4,0,0.0,4,0,0,0,0.0,0.0,0,0,0,0
CUST00433,718,1,1,4079.24,-583,1,17234.85,0,0,4,0,0.0,3,0,0,1,0.2969,0.2969,0,1,0,0
CUST00014,2283,1,1,380.55,-191,0,0.0,0,0,2,0,0.0,2,0,0,2,0.1875,0.0078,1,0,0,0
CUST00647,3954,1,1,1508.39,-911,1,1505.73,1,0,2,0,0.0,4,0,0,3,0.6667,0.5078,0,0,2,0
CUST00121,3098,1,1,3403.58,-1260,0,0.0,0,0,1,0,0.0,1,0,0,0,0.0,0.0,0,0,0,0
CUST00615,3257,2,2,2962.35,-979,0,0.0,0,0,8,1,12.5,2,1,0,2,-0.3658,-0.8174,1,0,1,0
CUST00122,1566,1,1,2106.55,-37,1,172521.14,0,0,1,0,0.0,3,0,0,1,0.0078,0.0078,1,0,0,0
CUST00545,4052,3,3,4773.52,-547,0,0.0,0,0,6,0,0.0,1,0,0,1,0.8359,0.8359,0,0,0,0
CUST00881,2271,1,1,1198.53,186,1,7518.44,0,1,12,2,16.7,1,1,0,0,0.0,0.0,0,0,0,0
CUST00704,417,1,1,2119.55,-2227,0,0.0,0,0,12,0,0.0,2,0,0,2,0.3711,0.0859,0,0,2,0
CUST00309,2808,1,1,1859.3,-988,2,26808.89,0,1,1,0,0.0,5,0,0,2,0.6563,0.6563,0,0,2,0
CUST00869,1119,0,0,0.0,999,2,43297.51,1,0,4,0,0.0,3,0,0,1,0.2422,0.2422,0,1,0,1
CUST00396,571,1,1,2371.55,-1585,0,0.0,0,0,4,0,0.0,2,0,0,1,0.7188,0.7188,0,0,0,0
CUST00864,1809,1,1,238.34,-260,1,2524.8,0,1,2,0,0.0,5,0,0,2,0.6446,0.4688,0,0,0,0
CUST00206,2238,0,0,0.0,999,1,11476.74,0,0,1,0,0.0,1,0,0,0,0.0,0.0,0,0,0,1
CUST00225,2757,1,1,1511.44,244,1,4839.33,0,1,13,1,7.7,2,1,0,2,-0.4229,-0.8145,2,0,0,1
CUST00729,1893,0,0,0.0,999,0,0.0,0,0,1,0,0.0,5,1,0,1,0.8359,0.8359,0,0,0,1
CUST00161,244,2,2,5112.76,-472,1,115445.25,0,0,13,0,0.0,1,0,0,0,0.0,0.0,0,0,0,0
CUST00886,2705,1,1,1064.72,-995,0,0.0,0,0,1,0,0.0,2,2,0,2,-0.8169,-0.8193,2,0,0,0
CUST00517,2450,1,1,1798.36,-2469,1,36956.57,0,1,14,2,14.3,2,0,0,0,0.0,0.0,0,0,0,1
CUST00918,1110,1,1,571.78,-216,0,0.0,0,0,14,0,0.0,2,0,0,0,0.0,0.0,0,0,0,1
CUST00905,1040,2,2,1438.64,-2287,0,0.0,0,0,3,1,33.3,1,0,0,0,0.0,0.0,0,0,0,0
CUST00340,2419,2,2,1687.03,-1462,0,0.0,0,0,13,1,7.7,1,0,0,0,0.0,0.0,0,0,0,0
CUST00822,1293,1,1,1026.16,213,1,24652.03,1,0,16,1,6.3,3,1,0,2,-0.1753,-0.8193,1,1,0,1
CUST00316,3133,1,1,1848.75,-2141,1,45366.68,0,0,18,2,11.1,2,0,0,1,-0.0078,-0.0078,0,0,1,1
CUST00820,1641,1,1,1438.61,-115,0,0.0,0,0,4,0,0.0,1,0,0,1,0.4688,0.4688,0,0,0,0
CUST00955,208,2,2,6182.71,-426,1,189634.93,1,0,17,0,0.0,3,0,0,0,0.0,0.0,0,0,0,1
CUST00938,725,1,1,3280.34,-999,0,0.0,0,0,4,0,0.0,1,0,0,1,0.7578,0.7578,0,0,0,0
CUST00903,636,1,1,567.83,-955,0,0.0,0,0,12,4,33.3,3,0,0,1,0.5469,0.5469,0,0,1,0
CUST00618,2551,0,0,0.0,999,2,56796.23,1,0,3,0,0.0,1,0,0,0,0.0,0.0,0,0,0,0
CUST00717,3138,0,0,0.0,999,0,0.0,0,0,12,0,0.0,1,0,0,1,0.6328,0.6328,0,0,1,0
CUST00854,3989,3,3,5201.18,-2460,0,0.0,0,0,7,0,0.0,2,0,0,1,0.3047,0.3047,0,1,0,0
CUST00575,1442,1,1,2031.9,-2530,0,0.0,0,0,2,0,0.0,4,1,0,2,-0.1729,-0.8223,1,0,1,0
CUST00974,2121,1,1,5539.0,244,0,0.0,0,0,12,1,8.3,2,0,0,0,0.0,0.0,0,0,0,0
CUST00824,4041,2,2,3193.53,-1971,2,48743.38,1,0,8,0,0.0,2,0,0,0,0.0,0.0,0,0,0,0
CUST00164,338,1,1,1998.91,-1441,0,0.0,0,0,5,0,0.0,1,0,0,0,0.0,0.0,0,0,0,1
CUST00929,3803,1,1,816.73,-414,0,0.0,0,0,2,1,50.0,1,0,0,1,0.7578,0.7578,0,0,0,0
CUST00346,1852,1,1,2533.86,-1454,1,119869.09,1,0,4,0,0.0,3,0,0,1,0.0,0.0,1,0,0,0
CUST00662,965,0,0,0.0,999,1,2674.38,0,1,4,0,0.0,4,0,0,2,0.4258,0.0156,1,0,0,1
CUST00791,981,1,1,1807.1,-1816,0,0.0,0,0,6,1,16.7,1,1,0,1,-0.8174,-0.8174,1,0,0,1
CUST00080,3516,0,0,0.0,999,1,554.46,0,0,12,3,25.0,2,0,0,1,0.75,0.75,0,0,0,1
CUST00448,2014,1,1,371.35,-1188,0,0.0,0,0,4,0,0.0,1,0,0,0,0.0,0.0,0,0,0,0
CUST00477,3191,1,1,1254.57,293,4,37221.5,1,1,16,0,0.0,3,0,0,3,0.513,0.3672,0,0,2,1
CUST00403,612,2,2,1389.45,-1167,3,77186.43,1,0,16,0,0.0,1,0,0,0,0.0,0.0,0,0,0,0
CUST00852,2807,2,2,2505.61,-1034,1,3840.71,0,1,24,2,8.3,1,0,0,0,0.0,0.0,0,0,0,0
CUST00782,2699,0,0,0.0,999,1,2666.41,0,0,4,0,0.0,2,0,0,0,0.0,0.0,0,0,0,1
CUST00369,57,1,1,1746.17,-1238,1,92810.04,0,0,1,0,0.0,3,0,0,0,0.0,0.0,0,0,0,0
CUST00996,3619,1,1,2510.75,-249,0,0.0,0,0,2,0,0.0,5,1,0,2,0.4727,0.1953,0,0,1,0
CUST00274,3662,1,1,2774.84,-54,1,14310.65,0,1,4,0,0.0,3,0,0,0,0.0,0.0,0,0,0,0
CUST00867,430,1,1,473.49,-1045,1,10819.71,0,0,12,0,0.0,4,0,0,1,0.2422,0.2422,0,1,0,0
CUST00382,3981,0,0,0.0,999,0,0.0,0,0,2,1,50.0,2,0,0,1,0.0156,0.0156,1,0,0,1
CUST00126,414,1,1,1197.04,-1508,0,0.0,0,0,4,0,0.0,3,0,0,2,0.4922,0.2031,0,1,0,0
CUST00536,1513,1,1,1925.61,147,0,0.0,0,0,12,1,8.3,1,0,0,1,0.1641,0.1641,0,1,0,0
CUST00522,2326,2,2,4161.18,-2198,0,0.0,0,0,3,0,0.0,3,1,0,2,-0.4497,-0.8174,1,0,1,0
CUST00315,2186,0,0,0.0,999,0,0.0,0,0,2,0,0.0,2,1,0,1,0.1328,0.1328,0,1,0,1
CUST00325,3476,1,1,1013.67,-897,1,115874.5,0,0,1,0,0.0,1,0,0,0,0.0,0.0,0,0,0,0
CUST00577,408,3,3,2425.14,-1845,0,0.0,0,0,25,1,4.0,2,0,0,1,0.625,0.625,0,0,0,0
CUST00975,2567,0,0,0.0,999,0,0.0,0,0,4,0,0.0,3,0,0,0,0.0,0.0,0,0,0,1
CUST00146,3262,0,0,0.0,999,2,3238.56,1,0,1,0,0.0,2,0,0,0,0.0,0.0,0,0,0,1
CUST00414,700,1,1,260.56,-1764,2,4437.04,0,0,2,1,50.0,5,0,0,1,0.5547,0.5547,0,0,1,0
CUST00866,1573,0,0,0.0,999,0,0.0,0,0,12,0,0.0,4,1,0,3,0.6875,0.5469,0,0,1,1
CUST00643,4175,1,1,1783.13,-1268,0,0.0,0,0,1,0,0.0,1,0,0,1,0.6641,0.6641,0,0,1,0
CUST00635,3550,1,1,1436.09,-2444,0,0.0,0,0,12,2,16.7,4,0,0,0,0.0,0.0,0,0,0,0
CUST00842,708,1,1,1321.22,-1087,0,0.0,0,0,12,0,0.0,3,0,0,2,0.4063,0.1797,0,1,1,0
CUST00053,490,1,1,456.26,-1317,1,23405.57,0,1,2,1,50.0,2,0,0,1,0.7422,0.7422,0,0,0,0
CUST00676,2389,1,1,2023.54,-826,0,0.0,0,0,2,0,0.0,3,0,0,1,0.7266,0.7266,0,0,0,0
CUST00753,3248,3,3,1534.33,-1825,2,1957.54,1,0,9,2,22.2,2,0,0,1,0.8359,0.8359,0,0,0,0
CUST00548,1980,2,2,1587.56,-1643,1,2725.13,0,0,7,0,0.0,3,1,0,0,0.0,0.0,0,0,0,1
CUST00821,184,1,1,1958.35,-2169,0,0.0,0,0,4,0,0.0,2,1,1,1,0.6563,0.6563,0,0,0,0
CUST00756,4243,1,1,1647.35,-2177,1,12258.35,0,0,18,2,11.1,3,0,0,0,0.0,0.0,0,0,0,1
CUST00372,3031,1,1,1912.72,-265,3,151170.33,2,0,7,0,0.0,4,0,0,2,0.3984,0.0469,1,0,0,1
CUST00735,155,2,2,4553.65,-1460,0,0.0,0,0,16,2,12.5,4,1,1,0,0.0,0.0,0,0,0,0
CUST00877,3865,1,1,1806.58,-99,3,52300.1,0,2,7,1,14.3,4,0,0,1,0.7344,0.7344,0,0,0,1
CUST00861,2247,1,1,1225.48,-851,0,0.0,0,0,1,0,0.0,4,0,0,1,0.0078,0.0078,1,0,0,0
CUST00449,2354,1,1,1974.51,-853,0,0.0,0,0,4,0,0.0,1,0,0,0,0.0,0.0,0,0,0,0
CUST00602,3528,2,2,2165.17,-2055,0,0.0,0,0,14,1,7.1,2,0,0,0,0.0,0.0,0,0,0,0
CUST00447,2748,0,0,0.0,999,2,91215.61,0,0,12,1,8.3,1,0,0,0,0.0,0.0,0,0,0,1
CUST00159,1479,1,1,2255.66,-2052,0,0.0,0,0,12,0,0.0,2,0,0,0,0.0,0.0,0,0,0,0
CUST00090,2443,0,0,0.0,999,0,0.0,0,0,1,0,0.0,5,0,0,3,0.2891,0.0078,1,1,0,1
CUST00175,1114,1,1,2787.44,-1592,0,0.0,0,0,1,1,100.0,2,1,0,0,0.0,0.0,0,0,0,0
CUST00959,4193,1,1,2054.31,-464,2,46466.74,1,0,6,2,33.3,1,0,0,0,0.0,0.0,0,0,0,0
CUST00418,419,0,0,0.0,999,0,0.0,0,0,4,0,0.0,4,0,0,2,0.4258,0.0,0,0,0,0
CUST00508,724,0,0,0.0,999,1,69669.48,0,1,4,0,0.0,1,0,0,1,0.4922,0.4922,0,0,0,1
CUST00856,859,1,1,2157.35,153,0,0.0,0,0,2,0,0.0,4,1,0,2,-0.2393,-0.8145,1,0,0,0
CUST00200,936,0,0,0.0,999,2,36295.03,0,0,1,1,100.0,5,0,0,1,0.7422,0.7422,0,0,0,1
CUST00294,3452,1,1,2552.81,-218,1,42206.09,0,0,28,3,10.7,1,0,0,1,0.7734,0.7734,0,0,0,1
CUST00722,2888,0,0,0.0,999,1,3839.22,0,1,5,1,20.0,3,0,0,0,0.0,0.0,0,0,0,1
CUST00481,3332,2,2,3904.24,-1649,0,0.0,0,0,3,0,0.0,2,0,0,1,0.5,0.5,0,0,1,0
CUST00461,841,2,2,2634.81,-1833,0,0.0,0,0,24,0,0.0,3,0,0,0,0.0,0.0,0,0,0,0
CUST00613,3044,1,1,1070.68,-1927,1,2293.09,1,0,13,0,0.0,4,0,0,1,0.75,0.75,0,0,0,0
CUST00533,1222,1,1,731.57,-1252,1,2507.04,0,0,4,0,0.0,2,0,0,1,0.5469,0.5469,0,1,0,0
CUST00332,1038,2,2,2157.32,-1961,3,90683.3,1,0,3,0,0.0,4,0,0,0,0.0,0.0,0,0,0,1
CUST00882,1468,2,2,2751.9,-2197,1,8276.23,0,0,17,1,5.9,1,0,0,1,0.7266,0.7266,0,0,0,1
CUST00471,3545,1,1,918.97,15,1,18765.38,0,1,3,0,0.0,2,1,0,1,0.7656,0.7656,0,0,0,1
CUST00245,3809,2,2,1912.84,-2259,1,4072.36,0,0,5,0,0.0,2,0,0,0,0.0,0.0,0,0,0,1
CUST00050,3318,1,1,948.53,-721,0,0.0,0,0,12,0,0.0,2,0,0,0,0.0,0.0,0,0,0,0
CUST00744,3554,1,1,1102.75,-764,1,8783.25,0,0,6,2,33.3,3,0,0,1,0.8359,0.8359,0,0,0,0
CUST00594,1244,1,1,2073.41,-2301,0,0.0,0,0,5,0,0.0,3,0,0,1,0.5625,0.5625,0,0,1,1
CUST00319,515,0,0,0.0,999,0,0.0,0,0,1,0,0.0,3,0,0,0,0.0,0.0,0,0,0,0
CUST00364,2339,1,1,824.46,-1923,1,120714.65,0,0,4,0,0.0,4,0,0,1,0.8438,0.8438,0,0,0,0
CUST00919,3375,1,1,4328.7,-2674,0,0.0,0,0,4,0,0.0,4,0,0,3,0.612,0.3281,0,0,0,0
CUST00377,1261,2,2,2420.86,-2075,0,0.0,0,0,7,0,0.0,3,0,0,1,0.3359,0.3359,0,0,0,1
CUST00037,2685,1,1,1006.79,-585,2,28256.8,2,0,2,0,0.0,3,0,0,1,0.5156,0.5156,0,0,1,0
CUST00194,836,2,2,3562.08,144,0,0.0,0,0,13,1,7.7,3,0,0,2,0.8086,0.7813,0,0,0,0
CUST00479,3495,2,2,6455.38,-2791,3,144672.58,1,0,6,0,0.0,2,0,0,0,0.0,0.0,0,0,0,0
CUST00550,852,1,1,1837.05,-1966,1,16717.13,1,0,16,1,6.3,1,0,0,0,0.0,0.0,0,0,0,1
CUST00302,1992,0,0,0.0,999,0,0.0,0,0,1,0,0.0,1,0,0,0,0.0,0.0,0,0,0,0
CUST00774,2999,1,1,500.58,461,1,14772.25,0,0,6,1,16.7,2,0,0,1,0.7656,0.7656,0,0,0,1
CUST00310,704,0,0,0.0,999,0,0.0,0,0,2,0,0.0,4,0,0,3,0.7578,0.6875,0,0,0,1
CUST00716,4038,1,1,2058.44,-2692,0,0.0,0,0,1,0,0.0,3,0,0,1,0.5938,0.5938,0,0,1,0
CUST00586,703,1,1,186.36,224,0,0.0,0,0,2,0,0.0,3,0,0,1,0.7578,0.7578,0,0,0,1
CUST00509,4249,1,1,1612.86,-1344,1,1086.97,0,0,12,1,8.3,2,0,0,0,0.0,0.0,0,0,0,0
CUST00721,3508,0,0,0.0,999,0,0.0,0,0,1,0,0.0,3,1,0,0,0.0,0.0,0,0,0,1
CUST00786,463,1,1,1834.99,-2426,2,18235.31,0,0,24,1,4.2,3,0,0,2,0.3281,0.0156,0,0,2,0
CUST00726,3703,1,1,1880.78,-1389,0,0.0,0,0,12,1,8.3,3,1,0,1,0.6406,0.6406,0,0,1,0
CUST00755,3309,1,1,3505.84,-299,2,5218.93,0,0,18,1,5.6,4,0,0,2,0.5235,0.375,0,1,0,1
CUST00616,4209,1,1,1293.48,-443,0,0.0,0,0,17,1,5.9,3,0,0,1,0.1953,0.1953,0,0,1,1
CUST00989,2036,1,1,4793.11,-630,1,12611.81,0,0,4,0,0.0,4,1,0,1,0.0781,0.0781,1,0,0,0
CUST00440,448,2,2,1679.09,-1784,0,0.0,0,0,6,0,0.0,5,0,0,1,0.7734,0.7734,0,0,0,0
CUST00956,3977,1,1,2973.37,-2363,0,0.0,0,0,1,0,0.0,5,0,0,4,0.3975,-0.0039,2,0,0,0
CUST00637,3323,2,2,1007.74,-1429,2,6050.02,1,0,28,1,3.6,5,1,0,2,0.4493,0.4063,0,0,1,1
CUST00739,2934,0,0,0.0,999,0,0.0,0,0,12,0,0.0,2,0,0,1,0.1563,0.1563,0,1,0,1
CUST00465,2783,2,2,6669.52,-1890,2,159938.81,0,0,5,0,0.0,2,1,0,0,0.0,0.0,0,0,0,0
CUST00873,691,1,1,572.65,-372,1,88641.68,0,0,12,0,0.0,4,0,0,2,0.418,0.125,0,1,0,0
CUST00270,2350,0,0,0.0,999,1,65731.04,0,0,24,2,8.3,2,0,0,0,0.0,0.0,0,0,0,1
CUST00059,290,2,2,4670.09,-1183,2,15355.03,1,1,4,0,0.0,1,0,0,1,0.7813,0.7813,0,0,0,0
CUST00119,670,1,1,434.11,-872,0,0.0,0,0,14,1,7.1,2,1,0,0,0.0,0.0,0,0,0,1
CUST00071,4247,0,0,0.0,999,2,3936.03,1,0,12,0,0.0,3,1,0,1,0.0234,0.0234,1,0,0,0
CUST00736,3673,1,1,601.34,-1211,1,154744.11,0,0,4,0,0.0,3,0,0,1,0.3672,0.3672,0,0,0,0
CUST00081,728,0,0,0.0,999,1,76335.17,0,0,2,1,50.0,2,0,0,2,0.4727,0.2422,0,0,0,1
CUST00638,3018,2,2,5686.26,-1176,2,65915.62,0,0,18,3,16.7,2,0,0,1,0.1641,0.1641,0,1,0,1
CUST00948,913,0,0,0.0,999,1,6534.7,0,0,2,0,0.0,4,0,0,2,0.7617,0.75,0,0,0,1
CUST00462,1306,2,2,3811.19,-2768,1,13812.27,0,0,7,0,0.0,3,0,0,2,0.4492,0.0625,0,0,0,1
CUST00642,2387,1,1,886.65,-1881,1,4602.43,0,0,1,0,0.0,4,0,0,2,0.5664,0.375,0,0,0,0
CUST00582,1803,2,2,3251.05,-1599,2,46780.77,1,0,5,0,0.0,1,0,0,1,0.8359,0.8359,0,0,0,0
CUST00153,852,0,0,0.0,999,2,2725.99,1,1,2,0,0.0,2,0,0,2,0.6719,0.625,0,0,1,0
CUST00896,1399,1,1,430.08,-961,0,0.0,0,0,8,0,0.0,2,0,0,1,0.375,0.375,0,0,0,0
CUST00056,2279,1,1,1064.09,213,0,0.0,0,0,12,0,0.0,3,0,0,0,0.0,0.0,0,0,0,0
CUST00400,568,1,1,534.19,-852,0,0.0,0,0,14,0,0.0,5,0,0,0,0.0,0.0,0,0,0,1
CUST00289,578,1,1,1423.82,-1647,0,0.0,0,0,4,0,0.0,2,0,0,0,0.0,0.0,0,0,0,0
CUST00870,899,2,2,1422.64,-1394,1,12197.7,0,0,16,1,6.3,1,0,0,1,-0.0039,-0.0039,0,0,1,1
CUST00287,2393,1,1,2378.51,-2030,0,0.0,0,0,4,0,0.0,2,0,0,2,0.2969,0.0859,0,1,1,0
CUST00108,635,2,2,5189.84,-2602,1,109500.73,0,0,14,2,14.3,5,1,1,1,0.5625,0.5625,0,0,1,0
CUST00578,3887,2,2,6155.8,-2662,1,3917.33,1,0,3,0,0.0,5,0,0,1,0.8438,0.8438,0,0,0,0
CUST00766,328,2,2,5544.42,-2046,2,50558.13,1,0,3,0,0.0,2,1,0,2,-0.1011,-0.8193,1,0,1,0
CUST00368,1551,1,1,381.16,130,0,0.0,0,0,12,0,0.0,3,1,1,2,0.2696,0.1875,0,0,1,0
CUST00217,730,0,0,0.0,999,0,0.0,0,0,1,0,0.0,2,0,0,2,0.7227,0.6172,0,0,0,1
CUST00884,3379,1,1,1546.96,-1525,0,0.0,0,0,1,0,0.0,3,0,0,0,0.0,0.0,0,0,0,0
CUST00611,3017,2,2,5830.08,-1285,2,16536.52,0,1,13,1,7.7,4,1,0,0,0.0,0.0,0,0,0,0
CUST00673,4187,1,1,2028.03,-1072,1,10878.59,0,1,1,0,0.0,4,0,0,2,0.6016,0.5547,0,0,2,0
