CUSTOMER_ID,HAS_CHURNED,CHURN_TYPE,TOTAL_POLICIES,ACTIVE_POLICY_COUNT,CHURNED_POLICY_COUNT,LAPSED_COUNT,CANCELLED_COUNT,LAST_CHURN_DATE,ORIGINAL_RISK_SCORE,ORIGINAL_RISK_LABEL
CUST00006,0,RETAINED,2,2,0,0,0,,0.49,0
CUST00011,0,RETAINED,2,1,0,0,0,,0.485,0
CUST00057,0,RETAINED,1,1,0,0,0,,0.294,0
CUST00134,1,PARTIAL_CHURN,3,2,1,1,0,2026-09-28,0.044,0
CUST00015,0,RETAINED,3,1,0,0,0,,0.119,0
CUST00077,0,RETAINED,3,3,0,0,0,,0.051,0
CUST00085,1,FULL_CHURN,1,0,1,1,0,2026-10-21,0.33,0
CUST00108,0,RETAINED,2,2,0,0,0,,0.177,0
CUST00110,0,RETAINED,1,1,0,0,0,,0.285,0
CUST00115,0,RETAINED,2,2,0,0,0,,0.338,0
CUST00135,0,RETAINED,1,1,0,0,0,,0.623,1
CUST00154,0,RETAINED,1,0,0,0,0,,0.19,0
CUST00161,0,RETAINED,2,2,0,0,0,,0.157,0
CUST00163,1,PARTIAL_CHURN,3,1,2,1,1,2025-05-03,0.75,1
CUST00173,0,RETAINED,3,3,0,0,0,,0.175,0
CUST00179,0,RETAINED,2,2,0,0,0,,0.061,0
CUST00181,1,PARTIAL_CHURN,2,1,1,0,1,2026-07-10,0.121,0
CUST00190,0,RETAINED,1,1,0,0,0,,0.076,0
CUST00191,0,RETAINED,1,1,0,0,0,,0.108,0
CUST00194,0,RETAINED,2,2,0,0,0,,0.305,0
CUST00214,0,RETAINED,1,0,0,0,0,,0.613,1
CUST00225,1,PARTIAL_CHURN,2,1,1,0,1,2024-05-19,0.357,0
CUST00226,0,RETAINED,2,2,0,0,0,,0.399,0
CUST00232,0,RETAINED,1,1,0,0,0,,0.104,0
CUST00240,0,RETAINED,2,2,0,0,0,,0.093,0
CUST00244,1,PARTIAL_CHURN,3,2,1,1,0,2020-10-25,0.363,0
CUST00245,1,PARTIAL_CHURN,3,2,1,1,0,2026-09-28,0.202,0
CUST00249,1,FULL_CHURN,1,0,1,1,0,2019-09-06,0.098,0
CUST00257,0,RETAINED,1,1,0,0,0,,0.274,0
CUST00263,0,RETAINED,1,0,0,0,0,,0.291,0
CUST00280,1,FULL_CHURN,1,0,1,1,0,2026-05-06,0.369,0
CUST00287,0,RETAINED,1,1,0,0,0,,0.151,0
CUST00293,0,RETAINED,1,1,0,0,0,,0.053,0
CUST00294,1,PARTIAL_CHURN,3,1,1,0,1,2023-12-28,0.487,0
CUST00300,1,PARTIAL_CHURN,2,1,1,1,0,2024-12-19,0.594,1
CUST00306,0,RETAINED,2,2,0,0,0,,0.263,0
CUST00311,0,RETAINED,2,2,0,0,0,,0.204,0
CUST00324,0,RETAINED,3,3,0,0,0,,0.357,0
CUST00327,1,PARTIAL_CHURN,2,1,1,1,0,2019-02-04,0.081,0
CUST00348,1,PARTIAL_CHURN,3,1,1,0,1,2024-10-25,0.121,0
CUST00357,0,RETAINED,1,1,0,0,0,,0.32,0
CUST00365,0,RETAINED,2,2,0,0,0,,0.164,0
CUST00367,1,FULL_CHURN,1,0,1,1,0,2019-06-01,0.112,0
CUST00404,1,FULL_CHURN,1,0,1,0,1,2025-01-09,0.106,0
CUST00419,1,PARTIAL_CHURN,3,2,1,1,0,2021-12-21,0.623,1
CUST00424,0,RETAINED,2,2,0,0,0,,0.26,0
CUST00426,1,FULL_CHURN,1,0,1,0,1,2027-02-11,0.412,0
CUST00448,0,RETAINED,1,1,0,0,0,,0.041,0
CUST00227,0,RETAINED,3,3,0,0,0,,0.307,0
CUST00380,0,RETAINED,2,1,0,0,0,,0.16,0
CUST00388,0,RETAINED,2,2,0,0,0,,0.103,0
CUST00393,1,FULL_CHURN,1,0,1,1,0,2022-07-19,0.267,0
CUST00401,0,RETAINED,2,2,0,0,0,,0.151,0
CUST00416,0,RETAINED,1,0,0,0,0,,0.455,0
CUST00430,0,RETAINED,2,1,0,0,0,,0.551,1
CUST00435,1,FULL_CHURN,2,0,2,0,2,2026-09-28,0.555,1
CUST00437,1,FULL_CHURN,1,0,1,1,0,2025-07-10,0.249,0
CUST00438,0,RETAINED,1,1,0,0,0,,0.357,0
CUST00450,0,RETAINED,2,1,0,0,0,,0.487,0
CUST00456,1,FULL_CHURN,1,0,1,1,0,2025-06-11,0.377,0
CUST00382,1,FULL_CHURN,2,0,2,1,1,2022-02-06,0.389,0
CUST00469,0,RETAINED,1,1,0,0,0,,0.323,0
CUST00486,0,RETAINED,1,1,0,0,0,,0.361,0
CUST00529,0,RETAINED,2,2,0,0,0,,0.479,0
CUST00547,0,RETAINED,1,1,0,0,0,,0.477,0
CUST00548,1,PARTIAL_CHURN,3,2,1,1,0,2027-03-21,0.383,0
CUST00551,1,PARTIAL_CHURN,3,1,1,0,1,2021-02-02,0.196,0
CUST00570,1,PARTIAL_CHURN,2,1,1,1,0,2021-06-15,0.414,0
CUST00573,0,RETAINED,1,1,0,0,0,,0.042,0
CUST00574,0,RETAINED,1,1,0,0,0,,0.345,0
CUST00577,0,RETAINED,3,3,0,0,0,,0.275,0
CUST00585,0,RETAINED,1,1,0,0,0,,0.12,0
CUST00593,0,RETAINED,3,3,0,0,0,,0.166,0
CUST00599,0,RETAINED,1,1,0,0,0,,0.548,1
CUST00606,0,RETAINED,3,3,0,0,0,,0.172,0
CUST00629,1,PARTIAL_CHURN,3,2,1,1,0,2019-02-07,0.406,0
CUST00631,1,FULL_CHURN,1,0,1,1,0,2025-11-13,0.248,0
CUST00634,0,RETAINED,1,1,0,0,0,,0.312,0
CUST00636,0,RETAINED,1,1,0,0,0,,0.251,0
CUST00638,1,PARTIAL_CHURN,3,2,1,1,0,2019-06-24,0.517,1
CUST00649,0,RETAINED,1,1,0,0,0,,0.452,0
CUST00655,0,RETAINED,1,0,0,0,0,,0.139,0
CUST00680,1,PARTIAL_CHURN,2,1,1,0,1,2024-01-07,0.186,0
CUST00687,0,RETAINED,2,2,0,0,0,,0.401,0
CUST00691,0,RETAINED,1,1,0,0,0,,0.26,0
CUST00703,1,FULL_CHURN,2,0,2,1,1,2025-08-07,0.181,0
CUST00710,0,RETAINED,1,1,0,0,0,,0.12,0
CUST00711,0,RETAINED,2,2,0,0,0,,0.14,0
CUST00715,0,RETAINED,2,1,0,0,0,,0.459,0
CUST00717,0,RETAINED,1,0,0,0,0,,0.115,0
CUST00719,1,PARTIAL_CHURN,3,1,2,2,0,2022-11-26,0.082,0
CUST00732,0,RETAINED,1,1,0,0,0,,0.136,0
CUST00743,1,FULL_CHURN,2,0,1,1,0,2026-12-28,0.395,0
CUST00821,0,RETAINED,1,1,0,0,0,,0.128,0
CUST00868,0,RETAINED,1,1,0,0,0,,0.231,0
CUST00905,0,RETAINED,2,2,0,0,0,,0.522,1
CUST00909,1,PARTIAL_CHURN,3,2,1,0,1,2020-02-17,0.127,0
CUST00932,1,PARTIAL_CHURN,2,1,1,0,1,2024-09-28,0.438,0
CUST00939,0,RETAINED,1,1,0,0,0,,0.198,0
CUST00940,0,RETAINED,1,1,0,0,0,,0.183,0
CUST00965,0,RETAINED,2,2,0,0,0,,0.22,0
CUST00977,0,RETAINED,2,2,0,0,0,,0.321,0
CUST00982,0,RETAINED,1,1,0,0,0,,0.043,0
CUST00993,1,FULL_CHURN,1,0,1,0,1,2019-04-09,0.421,0
CUST00500,0,RETAINED,2,1,0,0,0,,0.238,0
CUST00501,0,RETAINED,1,1,0,0,0,,0.197,0
CUST00555,0,RETAINED,1,1,0,0,0,,0.282,0
CUST00644,0,RETAINED,1,1,0,0,0,,0.397,0
CUST00648,0,RETAINED,1,0,0,0,0,,0.13,0
CUST00676,0,RETAINED,1,1,0,0,0,,0.366,0
CUST00828,0,RETAINED,1,1,0,0,0,,0.415,0
CUST00902,0,RETAINED,1,1,0,0,0,,0.391,0
CUST00944,0,RETAINED,1,1,0,0,0,,0.399,0
CUST00952,1,PARTIAL_CHURN,3,1,1,1,0,2023-08-24,0.163,0
CUST00972,0,RETAINED,2,2,0,0,0,,0.071,0
CUST00973,0,RETAINED,1,1,0,0,0,,0.266,0
CUST00782,1,FULL_CHURN,1,0,1,1,0,2022-06-14,0.489,0
CUST00823,0,RETAINED,1,1,0,0,0,,0.335,0
CUST00911,0,RETAINED,1,0,0,0,0,,0.312,0
CUST00997,0,RETAINED,1,1,0,0,0,,0.196,0
CUST00966,1,FULL_CHURN,1,0,1,1,0,2022-01-27,0.317,0
CUST00008,1,FULL_CHURN,1,0,1,1,0,2024-09-24,0.407,0
CUST00038,0,RETAINED,2,1,0,0,0,,0.318,0
CUST00051,0,RETAINED,2,2,0,0,0,,0.06,0
CUST00067,0,RETAINED,1,1,0,0,0,,0.707,1
CUST00073,1,PARTIAL_CHURN,2,1,1,1,0,2027-01-09,0.111,0
CUST00045,0,RETAINED,1,1,0,0,0,,0.152,0
CUST00059,0,RETAINED,3,2,0,0,0,,0.227,0
CUST00062,1,FULL_CHURN,2,0,1,1,0,2020-03-01,0.313,0
CUST00097,1,PARTIAL_CHURN,3,1,1,0,1,2022-09-18,0.624,1
CUST00105,0,RETAINED,3,2,0,0,0,,0.635,1
CUST00127,0,RETAINED,2,2,0,0,0,,0.1,0
CUST00102,0,RETAINED,1,1,0,0,0,,0.403,0
CUST00103,1,PARTIAL_CHURN,2,1,1,0,1,2024-04-01,0.469,0
CUST00104,1,PARTIAL_CHURN,2,1,1,1,0,2023-12-02,0.124,0
CUST00165,0,RETAINED,1,1,0,0,0,,0.57,1
CUST00166,0,RETAINED,1,1,0,0,0,,0.183,0
CUST00170,0,RETAINED,1,1,0,0,0,,0.091,0
CUST00171,0,RETAINED,2,2,0,0,0,,0.504,1
CUST00178,0,RETAINED,1,1,0,0,0,,0.611,1
CUST00192,1,PARTIAL_CHURN,3,2,1,1,0,2027-07-07,0.379,0
CUST00197,0,RETAINED,1,1,0,0,0,,0.191,0
CUST00199,0,RETAINED,1,0,0,0,0,,0.216,0
CUST00202,1,PARTIAL_CHURN,2,1,1,0,1,2019-12-19,0.1,0
CUST00209,0,RETAINED,1,1,0,0,0,,0.166,0
CUST00247,0,RETAINED,1,1,0,0,0,,0.137,0
CUST00273,1,FULL_CHURN,3,0,2,1,1,2027-05-21,0.21,0
CUST00275,1,PARTIAL_CHURN,3,2,1,1,0,2020-09-13,0.293,0
CUST00296,0,RETAINED,1,1,0,0,0,,0.555,1
CUST00333,1,PARTIAL_CHURN,2,1,1,0,1,2026-07-13,0.442,0
CUST00335,0,RETAINED,2,2,0,0,0,,0.287,0
CUST00352,1,FULL_CHURN,2,0,2,2,0,2026-12-15,0.316,0
CUST00363,0,RETAINED,2,2,0,0,0,,0.37,0
CUST00375,0,RETAINED,1,1,0,0,0,,0.715,1
CUST00406,1,PARTIAL_CHURN,3,2,1,0,1,2019-09-01,0.148,0
CUST00447,1,FULL_CHURN,1,0,1,0,1,2021-02-28,0.471,0
CUST00457,0,RETAINED,1,1,0,0,0,,0.196,0
CUST00215,0,RETAINED,1,1,0,0,0,,0.044,0
CUST00379,0,RETAINED,1,1,0,0,0,,0.529,1
CUST00389,0,RETAINED,2,2,0,0,0,,0.691,1
CUST00391,1,PARTIAL_CHURN,3,1,2,1,1,2025-07-24,0.11,0
CUST00399,0,RETAINED,1,1,0,0,0,,0.436,0
CUST00436,1,PARTIAL_CHURN,3,2,1,0,1,2024-08-16,0.088,0
CUST00465,0,RETAINED,2,2,0,0,0,,0.155,0
CUST00304,0,RETAINED,1,0,0,0,0,,0.424,0
CUST00411,1,FULL_CHURN,1,0,1,1,0,2023-12-04,0.176,0
CUST00471,1,PARTIAL_CHURN,2,1,1,1,0,2025-03-01,0.138,0
CUST00475,1,PARTIAL_CHURN,2,1,1,0,1,2022-09-04,0.31,0
CUST00476,1,PARTIAL_CHURN,2,1,1,1,0,2023-10-01,0.382,0
CUST00481,0,RETAINED,2,2,0,0,0,,0.603,1
CUST00488,0,RETAINED,2,2,0,0,0,,0.268,0
CUST00492,1,FULL_CHURN,1,0,1,1,0,2020-11-10,0.257,0
CUST00494,1,PARTIAL_CHURN,3,2,1,0,1,2025-03-27,0.246,0
CUST00497,1,FULL_CHURN,2,0,1,1,0,2025-02-21,0.495,0
CUST00498,0,RETAINED,3,3,0,0,0,,0.209,0
CUST00507,0,RETAINED,2,2,0,0,0,,0.161,0
CUST00521,1,FULL_CHURN,1,0,1,1,0,2020-09-27,0.252,0
CUST00523,0,RETAINED,1,1,0,0,0,,0.285,0
CUST00533,0,RETAINED,1,1,0,0,0,,0.292,0
CUST00534,1,PARTIAL_CHURN,3,1,1,1,0,2027-07-07,0.135,0
CUST00538,0,RETAINED,1,1,0,0,0,,0.117,0
CUST00546,0,RETAINED,1,1,0,0,0,,0.1,0
CUST00557,0,RETAINED,1,1,0,0,0,,0.129,0
CUST00562,0,RETAINED,2,1,0,0,0,,0.382,0
CUST00569,0,RETAINED,2,2,0,0,0,,0.142,0
CUST00572,1,PARTIAL_CHURN,2,1,1,1,0,2026-05-14,0.219,0
CUST00576,1,PARTIAL_CHURN,2,1,1,1,0,2021-01-21,0.284,0
CUST00579,0,RETAINED,2,2,0,0,0,,0.428,0
CUST00582,0,RETAINED,2,2,0,0,0,,0.382,0
CUST00584,1,PARTIAL_CHURN,2,1,1,1,0,2020-10-17,0.352,0
CUST00588,1,FULL_CHURN,2,0,1,0,1,2027-06-25,0.3,0
CUST00604,0,RETAINED,1,0,0,0,0,,0.12,0
CUST00633,1,PARTIAL_CHURN,2,1,1,1,0,2027-01-11,0.29,0
CUST00651,0,RETAINED,1,1,0,0,0,,0.369,0
CUST00672,0,RETAINED,3,1,0,0,0,,0.132,0
CUST00679,0,RETAINED,1,1,0,0,0,,0.436,0
CUST00689,0,RETAINED,2,2,0,0,0,,0.112,0
CUST00694,1,FULL_CHURN,1,0,1,0,1,2027-08-28,0.259,0
CUST00697,0,RETAINED,1,0,0,0,0,,0.164,0
CUST00700,0,RETAINED,1,1,0,0,0,,0.089,0
CUST00706,0,RETAINED,1,0,0,0,0,,0.32,0
CUST00724,0,RETAINED,3,2,0,0,0,,0.338,0
CUST00738,1,PARTIAL_CHURN,2,1,1,0,1,2026-05-10,0.375,0
CUST00762,1,FULL_CHURN,2,0,2,2,0,2022-09-28,0.271,0
CUST00769,1,PARTIAL_CHURN,2,1,1,0,1,2021-01-09,0.157,0
CUST00772,1,PARTIAL_CHURN,3,2,1,0,1,2023-05-23,0.274,0
CUST00773,1,FULL_CHURN,2,0,1,0,1,2024-11-08,0.123,0
CUST00788,1,FULL_CHURN,1,0,1,0,1,2020-06-11,0.269,0
CUST00806,1,FULL_CHURN,1,0,1,1,0,2021-11-21,0.137,0
CUST00826,0,RETAINED,1,1,0,0,0,,0.486,0
CUST00829,1,FULL_CHURN,1,0,1,1,0,2024-02-05,0.534,1
CUST00837,0,RETAINED,3,2,0,0,0,,0.335,0
CUST00880,1,FULL_CHURN,3,0,3,2,1,2022-06-11,0.501,1
CUST00895,0,RETAINED,1,1,0,0,0,,0.397,0
CUST00926,0,RETAINED,2,2,0,0,0,,0.656,1
CUST00945,1,FULL_CHURN,2,0,2,0,2,2023-08-04,0.278,0
CUST00948,1,FULL_CHURN,1,0,1,0,1,2021-07-19,0.224,0
CUST00975,1,FULL_CHURN,1,0,1,0,1,2025-10-04,0.33,0
CUST00980,0,RETAINED,1,1,0,0,0,,0.395,0
CUST00515,0,RETAINED,2,1,0,0,0,,0.729,1
CUST00597,0,RETAINED,2,2,0,0,0,,0.193,0
CUST00598,0,RETAINED,3,2,0,0,0,,0.499,0
CUST00618,0,RETAINED,2,0,0,0,0,,0.596,1
CUST00640,0,RETAINED,2,2,0,0,0,,0.189,0
CUST00666,1,FULL_CHURN,1,0,1,0,1,2019-09-06,0.355,0
CUST00708,0,RETAINED,1,1,0,0,0,,0.203,0
CUST00709,1,FULL_CHURN,1,0,1,0,1,2026-08-15,0.394,0
CUST00718,0,RETAINED,1,1,0,0,0,,0.097,0
CUST00723,1,PARTIAL_CHURN,2,1,1,1,0,2021-08-04,0.27,0
CUST00764,0,RETAINED,1,1,0,0,0,,0.305,0
CUST00767,0,RETAINED,1,1,0,0,0,,0.384,0
CUST00801,1,PARTIAL_CHURN,2,1,1,0,1,2022-01-14,0.248,0
CUST00813,1,FULL_CHURN,1,0,1,1,0,2020-08-24,0.267,0
CUST00840,0,RETAINED,1,0,0,0,0,,0.096,0
CUST00843,0,RETAINED,2,2,0,0,0,,0.267,0
CUST00907,0,RETAINED,1,1,0,0,0,,0.099,0
CUST00908,1,PARTIAL_CHURN,3,2,1,0,1,2024-09-15,0.167,0
CUST00953,0,RETAINED,1,1,0,0,0,,0.2,0
CUST00955,1,PARTIAL_CHURN,3,2,1,0,1,2019-04-18,0.106,0
CUST00987,1,FULL_CHURN,1,0,1,0,1,2019-02-28,0.401,0
CUST00838,1,FULL_CHURN,3,0,2,1,1,2027-11-11,0.665,1
CUST00971,1,PARTIAL_CHURN,2,1,1,0,1,2019-12-26,0.325,0
CUST00001,1,PARTIAL_CHURN,3,2,1,0,1,2027-10-24,0.394,0
CUST00004,0,RETAINED,3,3,0,0,0,,0.151,0
CUST00021,0,RETAINED,1,1,0,0,0,,0.296,0
CUST00025,0,RETAINED,1,1,0,0,0,,0.1,0
CUST00031,0,RETAINED,2,2,0,0,0,,0.114,0
CUST00033,0,RETAINED,1,1,0,0,0,,0.272,0
CUST00041,0,RETAINED,1,0,0,0,0,,0.254,0
CUST00043,1,FULL_CHURN,1,0,1,0,1,2025-10-13,0.177,0
CUST00128,1,FULL_CHURN,1,0,1,1,0,2024-01-28,0.134,0
CUST00028,0,RETAINED,2,2,0,0,0,,0.687,1
CUST00076,1,PARTIAL_CHURN,2,1,1,1,0,2023-07-05,0.255,0
CUST00089,0,RETAINED,3,2,0,0,0,,0.42,0
CUST00113,1,FULL_CHURN,1,0,1,0,1,2023-03-26,0.317,0
CUST00142,1,FULL_CHURN,1,0,1,0,1,2022-11-14,0.313,0
CUST00155,1,PARTIAL_CHURN,3,2,1,0,1,2023-07-28,0.082,0
CUST00060,1,FULL_CHURN,1,0,1,0,1,2019-07-15,0.05,0
CUST00100,0,RETAINED,1,1,0,0,0,,0.06,0
CUST00141,0,RETAINED,1,1,0,0,0,,0.21,0
CUST00151,1,PARTIAL_CHURN,3,1,2,2,0,2026-02-19,0.312,0
CUST00167,0,RETAINED,2,0,0,0,0,,0.283,0
CUST00180,1,FULL_CHURN,1,0,1,0,1,2024-01-23,0.094,0
CUST00186,0,RETAINED,2,2,0,0,0,,0.367,0
CUST00187,1,PARTIAL_CHURN,3,1,2,1,1,2023-01-27,0.438,0
CUST00211,0,RETAINED,3,2,0,0,0,,0.151,0
CUST00220,1,PARTIAL_CHURN,2,1,1,1,0,2026-11-05,0.386,0
CUST00228,0,RETAINED,1,1,0,0,0,,0.114,0
CUST00229,0,RETAINED,1,1,0,0,0,,0.455,0
CUST00233,0,RETAINED,2,1,0,0,0,,0.314,0
CUST00235,0,RETAINED,1,1,0,0,0,,0.431,0
CUST00243,0,RETAINED,1,1,0,0,0,,0.26,0
CUST00248,1,PARTIAL_CHURN,3,1,1,1,0,2024-01-07,0.148,0
CUST00268,1,FULL_CHURN,1,0,1,1,0,2025-02-23,0.258,0
CUST00271,0,RETAINED,2,1,0,0,0,,0.375,0
CUST00274,0,RETAINED,1,1,0,0,0,,0.173,0
CUST00282,1,FULL_CHURN,2,0,1,0,1,2026-02-15,0.573,1
CUST00285,1,FULL_CHURN,1,0,1,1,0,2022-11-23,0.4,0
CUST00286,0,RETAINED,2,1,0,0,0,,0.26,0
CUST00298,1,FULL_CHURN,1,0,1,1,0,2020-10-11,0.631,1
CUST00301,1,FULL_CHURN,1,0,1,0,1,2027-04-28,0.386,0
CUST00315,1,FULL_CHURN,1,0,1,1,0,2027-07-01,0.303,0
CUST00338,1,PARTIAL_CHURN,3,1,1,0,1,2025-09-09,0.186,0
CUST00347,0,RETAINED,2,2,0,0,0,,0.168,0
CUST00351,0,RETAINED,3,3,0,0,0,,0.366,0
CUST00376,0,RETAINED,1,1,0,0,0,,0.263,0
CUST00381,1,PARTIAL_CHURN,2,1,1,0,1,2024-03-22,0.51,1
CUST00390,1,FULL_CHURN,1,0,1,0,1,2027-07-22,0.173,0
CUST00417,1,PARTIAL_CHURN,2,1,1,0,1,2023-11-21,0.317,0
CUST00420,0,RETAINED,2,2,0,0,0,,0.406,0
CUST00433,0,RETAINED,1,1,0,0,0,,0.211,0
CUST00444,0,RETAINED,2,2,0,0,0,,0.357,0
CUST00459,0,RETAINED,1,1,0,0,0,,0.029,0
CUST00250,0,RETAINED,2,2,0,0,0,,0.131,0
CUST00305,0,RETAINED,2,1,0,0,0,,0.149,0
CUST00317,0,RETAINED,1,1,0,0,0,,0.233,0
CUST00402,0,RETAINED,2,1,0,0,0,,0.133,0
CUST00418,0,RETAINED,1,0,0,0,0,,0.444,0
CUST00429,0,RETAINED,1,0,0,0,0,,0.184,0
CUST00439,1,FULL_CHURN,1,0,1,1,0,2027-03-25,0.461,0
CUST00460,1,FULL_CHURN,1,0,1,1,0,2025-09-23,0.047,0
CUST00468,0,RETAINED,2,1,0,0,0,,0.232,0
CUST00478,0,RETAINED,1,1,0,0,0,,0.393,0
CUST00503,1,PARTIAL_CHURN,2,1,1,1,0,2025-09-14,0.079,0
CUST00504,1,FULL_CHURN,1,0,1,0,1,2026-09-28,0.065,0
CUST00517,1,PARTIAL_CHURN,2,1,1,1,0,2024-06-08,0.539,1
CUST00525,1,FULL_CHURN,3,0,3,2,1,2027-12-16,0.287,0
CUST00530,0,RETAINED,3,2,0,0,0,,0.442,0
CUST00532,0,RETAINED,1,1,0,0,0,,0.338,0
CUST00535,1,FULL_CHURN,1,0,1,1,0,2026-04-08,0.212,0
CUST00540,0,RETAINED,1,1,0,0,0,,0.466,0
CUST00543,1,PARTIAL_CHURN,3,1,2,1,1,2027-07-28,0.299,0
CUST00545,0,RETAINED,3,3,0,0,0,,0.69,1
CUST00558,1,FULL_CHURN,1,0,1,1,0,2027-06-23,0.037,0
CUST00559,1,PARTIAL_CHURN,3,2,1,1,0,2023-09-28,0.491,0
CUST00560,1,FULL_CHURN,1,0,1,1,0,2023-06-02,0.338,0
CUST00568,0,RETAINED,1,0,0,0,0,,0.265,0
CUST00581,0,RETAINED,2,2,0,0,0,,0.39,0
CUST00586,1,PARTIAL_CHURN,2,1,1,1,0,2021-09-15,0.209,0
CUST00595,0,RETAINED,1,1,0,0,0,,0.579,1
CUST00600,1,FULL_CHURN,1,0,1,1,0,2023-08-17,0.155,0
CUST00602,0,RETAINED,2,2,0,0,0,,0.149,0
CUST00607,1,PARTIAL_CHURN,3,1,2,1,1,2027-04-16,0.182,0
CUST00613,0,RETAINED,2,1,0,0,0,,0.142,0
CUST00632,0,RETAINED,3,2,0,0,0,,0.337,0
CUST00639,0,RETAINED,1,1,0,0,0,,0.192,0
CUST00669,0,RETAINED,1,1,0,0,0,,0.41,0
CUST00671,1,PARTIAL_CHURN,2,1,1,1,0,2025-06-13,0.316,0
CUST00678,0,RETAINED,1,1,0,0,0,,0.101,0
CUST00696,0,RETAINED,1,1,0,0,0,,0.409,0
CUST00707,0,RETAINED,1,1,0,0,0,,0.18,0
CUST00734,1,FULL_CHURN,1,0,1,1,0,2020-07-02,0.3,0
CUST00736,0,RETAINED,2,1,0,0,0,,0.329,0
CUST00740,0,RETAINED,2,1,0,0,0,,0.434,0
CUST00746,0,RETAINED,1,1,0,0,0,,0.288,0
CUST00748,0,RETAINED,3,3,0,0,0,,0.353,0
CUST00750,0,RETAINED,1,1,0,0,0,,0.536,1
CUST00756,1,PARTIAL_CHURN,3,1,1,0,1,2023-09-13,0.17,0
CUST00775,0,RETAINED,3,3,0,0,0,,0.144,0
CUST00780,0,RETAINED,1,1,0,0,0,,0.41,0
CUST00783,0,RETAINED,1,1,0,0,0,,0.101,0
CUST00789,1,PARTIAL_CHURN,2,1,1,0,1,2024-10-03,0.183,0
CUST00798,1,PARTIAL_CHURN,3,1,1,1,0,2024-12-13,0.363,0
CUST00799,1,FULL_CHURN,1,0,1,1,0,2026-01-17,0.08,0
CUST00824,0,RETAINED,2,2,0,0,0,,0.108,0
CUST00834,0,RETAINED,3,3,0,0,0,,0.252,0
CUST00856,0,RETAINED,1,1,0,0,0,,0.456,0
CUST00858,1,PARTIAL_CHURN,2,1,1,0,1,2021-12-16,0.276,0
CUST00860,1,PARTIAL_CHURN,2,1,1,1,0,2021-06-03,0.473,0
CUST00864,0,RETAINED,1,1,0,0,0,,0.13,0
CUST00869,1,FULL_CHURN,1,0,1,0,1,2027-03-19,0.483,0
CUST00873,0,RETAINED,1,1,0,0,0,,0.633,1
CUST00874,0,RETAINED,2,2,0,0,0,,0.391,0
CUST00875,1,PARTIAL_CHURN,3,1,2,1,1,2022-09-17,0.554,1
CUST00877,1,PARTIAL_CHURN,3,1,1,1,0,2026-06-10,0.634,1
CUST00881,0,RETAINED,1,1,0,0,0,,0.129,0
CUST00889,0,RETAINED,1,1,0,0,0,,0.329,0
CUST00892,0,RETAINED,1,0,0,0,0,,0.249,0
CUST00900,0,RETAINED,2,2,0,0,0,,0.198,0
CUST00925,0,RETAINED,1,1,0,0,0,,0.606,1
CUST00930,0,RETAINED,1,1,0,0,0,,0.135,0
CUST00963,1,FULL_CHURN,2,0,1,1,0,2027-05-26,0.074,0
CUST00974,0,RETAINED,1,1,0,0,0,,0.263,0
CUST00571,1,FULL_CHURN,1,0,1,1,0,2026-05-12,0.587,1
CUST00610,1,PARTIAL_CHURN,2,1,1,1,0,2022-05-24,0.504,1
CUST00673,0,RETAINED,1,1,0,0,0,,0.018,0
CUST00726,0,RETAINED,1,1,0,0,0,,0.311,0
CUST00744,0,RETAINED,2,1,0,0,0,,0.278,0
CUST00749,1,FULL_CHURN,1,0,1,1,0,2027-08-02,0.287,0
CUST00797,1,PARTIAL_CHURN,2,1,1,1,0,2027-04-05,0.169,0
CUST00808,1,FULL_CHURN,2,0,2,2,0,2025-05-28,0.184,0
CUST00819,0,RETAINED,1,1,0,0,0,,0.159,0
CUST00839,1,FULL_CHURN,1,0,1,1,0,2021-02-11,0.222,0
CUST00849,1,FULL_CHURN,1,0,1,1,0,2023-08-11,0.361,0
CUST00863,1,PARTIAL_CHURN,2,1,1,1,0,2019-06-02,0.375,0
CUST00871,0,RETAINED,2,2,0,0,0,,0.118,0
CUST00983,0,RETAINED,1,1,0,0,0,,0.156,0
CUST00990,1,PARTIAL_CHURN,3,1,2,1,1,2026-08-09,0.355,0
CUST00012,0,RETAINED,1,1,0,0,0,,0.063,0
CUST00022,1,PARTIAL_CHURN,2,1,1,1,0,2023-04-28,0.18,0
CUST00042,1,FULL_CHURN,1,0,1,1,0,2023-04-08,0.141,0
CUST00069,0,RETAINED,1,1,0,0,0,,0.18,0
CUST00078,0,RETAINED,1,0,0,0,0,,0.547,1
CUST00068,0,RETAINED,1,1,0,0,0,,0.062,0
CUST00081,1,FULL_CHURN,1,0,1,1,0,2026-01-17,0.076,0
CUST00109,0,RETAINED,3,3,0,0,0,,0.109,0
CUST00117,1,PARTIAL_CHURN,3,1,2,1,1,2027-06-12,0.309,0
CUST00144,0,RETAINED,1,1,0,0,0,,0.215,0
CUST00157,1,FULL_CHURN,1,0,1,0,1,2022-02-06,0.459,0
CUST00159,0,RETAINED,1,1,0,0,0,,0.273,0
CUST00046,0,RETAINED,2,2,0,0,0,,0.163,0
CUST00096,0,RETAINED,2,1,0,0,0,,0.202,0
CUST00112,1,PARTIAL_CHURN,3,2,1,1,0,2027-03-13,0.306,0
CUST00121,0,RETAINED,1,1,0,0,0,,0.305,0
CUST00137,0,RETAINED,2,2,0,0,0,,0.303,0
CUST00147,0,RETAINED,1,1,0,0,0,,0.301,0
CUST00153,0,RETAINED,1,0,0,0,0,,0.153,0
CUST00129,0,RETAINED,2,2,0,0,0,,0.111,0
CUST00176,0,RETAINED,3,3,0,0,0,,0.399,0
CUST00189,0,RETAINED,1,1,0,0,0,,0.074,0
CUST00196,0,RETAINED,3,3,0,0,0,,0.492,0
CUST00201,1,FULL_CHURN,1,0,1,1,0,2026-06-09,0.149,0
CUST00239,1,PARTIAL_CHURN,2,1,1,0,1,2022-05-13,0.171,0
CUST00253,0,RETAINED,1,1,0,0,0,,0.042,0
CUST00258,0,RETAINED,2,2,0,0,0,,0.284,0
CUST00276,1,PARTIAL_CHURN,3,1,1,1,0,2025-05-05,0.009,0
CUST00314,0,RETAINED,3,3,0,0,0,,0.249,0
CUST00316,1,PARTIAL_CHURN,3,1,2,1,1,2025-07-14,0.255,0
CUST00322,0,RETAINED,3,3,0,0,0,,0.171,0
CUST00323,0,RETAINED,2,2,0,0,0,,0.419,0
CUST00329,0,RETAINED,1,1,0,0,0,,0.177,0
CUST00339,0,RETAINED,3,2,0,0,0,,0.181,0
CUST00346,0,RETAINED,1,1,0,0,0,,0.221,0
CUST00350,1,PARTIAL_CHURN,2,1,1,1,0,2023-12-02,0.154,0
CUST00354,1,PARTIAL_CHURN,2,1,1,0,1,2023-01-15,0.184,0
CUST00355,1,FULL_CHURN,1,0,1,0,1,2019-11-10,0.315,0
CUST00356,1,FULL_CHURN,1,0,1,0,1,2020-05-25,0.47,0
CUST00360,1,PARTIAL_CHURN,2,1,1,0,1,2024-03-09,0.329,0
CUST00431,1,PARTIAL_CHURN,2,1,1,0,1,2027-01-20,0.52,1
CUST00206,1,FULL_CHURN,1,0,1,0,1,2019-01-26,0.322,0
CUST00217,1,FULL_CHURN,1,0,1,0,1,2026-03-28,0.365,0
CUST00259,0,RETAINED,1,1,0,0,0,,0.318,0
CUST00281,0,RETAINED,2,2,0,0,0,,0.099,0
CUST00332,1,PARTIAL_CHURN,3,2,1,1,0,2024-02-11,0.426,0
CUST00336,1,FULL_CHURN,2,0,1,1,0,2022-04-06,0.195,0
CUST00371,1,FULL_CHURN,2,0,2,2,0,2024-07-07,0.539,1
CUST00384,1,FULL_CHURN,1,0,1,0,1,2022-11-23,0.131,0
CUST00398,0,RETAINED,2,2,0,0,0,,0.383,0
CUST00421,0,RETAINED,2,2,0,0,0,,0.275,0
CUST00440,0,RETAINED,2,2,0,0,0,,0.153,0
CUST00461,0,RETAINED,2,2,0,0,0,,0.348,0
CUST00405,1,PARTIAL_CHURN,2,1,1,1,0,2023-01-03,0.632,1
CUST00467,0,RETAINED,1,1,0,0,0,,0.335,0
CUST00479,0,RETAINED,2,2,0,0,0,,0.211,0
CUST00482,0,RETAINED,3,3,0,0,0,,0.235,0
CUST00485,0,RETAINED,2,2,0,0,0,,0.087,0
CUST00489,0,RETAINED,1,1,0,0,0,,0.106,0
CUST00508,1,FULL_CHURN,1,0,1,1,0,2025-10-06,0.117,0
CUST00512,0,RETAINED,2,2,0,0,0,,0.192,0
CUST00513,1,FULL_CHURN,3,0,2,2,0,2025-06-22,0.116,0
CUST00516,0,RETAINED,2,1,0,0,0,,0.56,1
CUST00528,0,RETAINED,1,1,0,0,0,,0.533,1
CUST00539,1,FULL_CHURN,1,0,1,0,1,2026-06-26,0.36,0
CUST00542,1,PARTIAL_CHURN,3,2,1,0,1,2020-07-15,0.167,0
CUST00549,0,RETAINED,1,1,0,0,0,,0.229,0
CUST00550,1,PARTIAL_CHURN,2,1,1,0,1,2026-02-26,0.434,0
CUST00556,0,RETAINED,1,1,0,0,0,,0.214,0
CUST00563,0,RETAINED,3,3,0,0,0,,0.281,0
CUST00580,1,FULL_CHURN,1,0,1,0,1,2019-04-10,0.257,0
CUST00587,1,PARTIAL_CHURN,3,2,1,1,0,2025-12-04,0.154,0
CUST00591,0,RETAINED,1,1,0,0,0,,0.239,0
CUST00592,1,PARTIAL_CHURN,2,1,1,1,0,2024-10-07,0.228,0
CUST00616,1,PARTIAL_CHURN,3,1,2,2,0,2023-03-08,0.163,0
CUST00625,0,RETAINED,2,2,0,0,0,,0.128,0
CUST00628,0,RETAINED,1,1,0,0,0,,0.466,0
CUST00635,0,RETAINED,1,1,0,0,0,,0.365,0
CUST00643,0,RETAINED,1,1,0,0,0,,0.153,0
CUST00645,0,RETAINED,1,1,0,0,0,,0.459,0
CUST00650,1,FULL_CHURN,1,0,1,0,1,2021-05-28,0.347,0
CUST00662,1,FULL_CHURN,1,0,1,1,0,2024-05-21,0.484,0
CUST00664,0,RETAINED,1,1,0,0,0,,0.042,0
CUST00675,0,RETAINED,1,1,0,0,0,,0.469,0
CUST00682,1,PARTIAL_CHURN,2,1,1,0,1,2025-07-26,0.496,0
CUST00683,0,RETAINED,1,0,0,0,0,,0.367,0
CUST00684,0,RETAINED,3,3,0,0,0,,0.194,0
CUST00686,1,FULL_CHURN,1,0,1,1,0,2021-08-03,0.462,0
CUST00688,0,RETAINED,1,1,0,0,0,,0.334,0
CUST00721,1,FULL_CHURN,1,0,1,1,0,2027-04-01,0.703,1
CUST00725,0,RETAINED,1,1,0,0,0,,0.319,0
CUST00728,0,RETAINED,1,1,0,0,0,,0.395,0
CUST00729,1,FULL_CHURN,1,0,1,1,0,2025-06-21,0.416,0
CUST00754,1,PARTIAL_CHURN,3,2,1,0,1,2027-08-10,0.218,0
CUST00755,1,PARTIAL_CHURN,3,1,2,1,1,2027-04-26,0.485,0
CUST00758,0,RETAINED,2,2,0,0,0,,0.282,0
CUST00759,0,RETAINED,1,0,0,0,0,,0.323,0
CUST00785,1,PARTIAL_CHURN,3,2,1,1,0,2026-06-16,0.117,0
CUST00786,0,RETAINED,2,1,0,0,0,,0.027,0
CUST00794,1,PARTIAL_CHURN,2,1,1,1,0,2025-12-27,0.507,1
CUST00802,0,RETAINED,1,1,0,0,0,,0.474,0
CUST00805,0,RETAINED,1,1,0,0,0,,0.251,0
CUST00811,0,RETAINED,1,0,0,0,0,,0.151,0
CUST00822,1,PARTIAL_CHURN,2,1,1,1,0,2020-01-08,0.36,0
CUST00832,0,RETAINED,2,2,0,0,0,,0.072,0
CUST00833,1,FULL_CHURN,2,0,1,0,1,2026-02-18,0.259,0
CUST00841,1,PARTIAL_CHURN,3,1,1,0,1,2023-06-07,0.466,0
CUST00854,0,RETAINED,3,3,0,0,0,,0.619,1
CUST00855,0,RETAINED,1,1,0,0,0,,0.288,0
CUST00859,1,FULL_CHURN,1,0,1,0,1,2021-11-01,0.051,0
CUST00897,0,RETAINED,2,2,0,0,0,,0.528,1
CUST00901,0,RETAINED,2,2,0,0,0,,0.694,1
CUST00904,0,RETAINED,2,2,0,0,0,,0.434,0
CUST00910,1,FULL_CHURN,1,0,1,1,0,2022-05-21,0.291,0
CUST00928,1,PARTIAL_CHURN,2,1,1,1,0,2024-06-12,0.155,0
CUST00931,0,RETAINED,1,1,0,0,0,,0.388,0
CUST00943,0,RETAINED,1,1,0,0,0,,0.21,0
CUST00978,0,RETAINED,1,1,0,0,0,,0.032,0
CUST00509,0,RETAINED,1,1,0,0,0,,0.371,0
CUST00608,0,RETAINED,2,2,0,0,0,,0.214,0
CUST00722,1,FULL_CHURN,2,0,1,1,0,2024-06-14,0.18,0
CUST00774,1,PARTIAL_CHURN,2,1,1,1,0,2024-12-21,0.148,0
CUST00779,0,RETAINED,1,1,0,0,0,,0.266,0
CUST00787,0,RETAINED,1,1,0,0,0,,0.152,0
CUST00870,1,PARTIAL_CHURN,3,2,1,1,0,2027-04-20,0.064,0
CUST00896,0,RETAINED,2,1,0,0,0,,0.075,0
CUST00923,1,PARTIAL_CHURN,2,1,1,0,1,2021-01-28,0.434,0
CUST00941,0,RETAINED,3,3,0,0,0,,0.21,0
CUST00949,1,FULL_CHURN,1,0,1,0,1,2025-07-22,0.336,0
CUST00816,1,PARTIAL_CHURN,2,1,1,0,1,2026-03-13,0.451,0
CUST00003,0,RETAINED,2,1,0,0,0,,0.363,0
CUST00010,0,RETAINED,1,1,0,0,0,,0.42,0
CUST00014,0,RETAINED,1,1,0,0,0,,0.209,0
CUST00016,0,RETAINED,1,1,0,0,0,,0.148,0
CUST00017,1,FULL_CHURN,1,0,1,0,1,2025-11-09,0.067,0
CUST00048,0,RETAINED,1,0,0,0,0,,0.709,1
CUST00074,0,RETAINED,1,0,0,0,0,,0.189,0
CUST00094,1,FULL_CHURN,2,0,2,1,1,2026-07-25,0.148,0
CUST00138,1,PARTIAL_CHURN,3,1,1,0,1,2027-01-03,0.324,0
CUST00145,0,RETAINED,3,3,0,0,0,,0.103,0
CUST00013,0,RETAINED,1,1,0,0,0,,0.021,0
CUST00020,0,RETAINED,1,1,0,0,0,,0.307,0
CUST00039,1,FULL_CHURN,2,0,2,1,1,2027-07-03,0.19,0
CUST00056,0,RETAINED,1,1,0,0,0,,0.392,0
CUST00066,0,RETAINED,1,1,0,0,0,,0.314,0
CUST00084,0,RETAINED,1,1,0,0,0,,0.245,0
CUST00087,0,RETAINED,1,1,0,0,0,,0.211,0
CUST00099,0,RETAINED,1,1,0,0,0,,0.284,0
CUST00106,0,RETAINED,1,0,0,0,0,,0.019,0
CUST00111,1,PARTIAL_CHURN,3,1,1,1,0,2024-08-10,0.224,0
CUST00123,0,RETAINED,1,1,0,0,0,,0.31,0
CUST00125,1,PARTIAL_CHURN,2,1,1,1,0,2021-08-09,0.252,0
CUST00131,0,RETAINED,2,2,0,0,0,,0.366,0
CUST00152,0,RETAINED,2,2,0,0,0,,0.547,1
CUST00119,1,PARTIAL_CHURN,2,1,1,0,1,2022-08-20,0.252,0
CUST00126,0,RETAINED,1,1,0,0,0,,0.24,0
CUST00139,1,PARTIAL_CHURN,2,1,1,0,1,2021-07-05,0.642,1
CUST00169,0,RETAINED,2,2,0,0,0,,0.008,0
CUST00172,0,RETAINED,2,2,0,0,0,,0.357,0
CUST00177,0,RETAINED,2,1,0,0,0,,0.31,0
CUST00203,0,RETAINED,2,2,0,0,0,,0.237,0
CUST00207,0,RETAINED,2,2,0,0,0,,0.087,0
CUST00210,0,RETAINED,1,1,0,0,0,,0.172,0
CUST00212,0,RETAINED,2,2,0,0,0,,0.218,0
CUST00213,0,RETAINED,1,0,0,0,0,,0.209,0
CUST00218,0,RETAINED,1,1,0,0,0,,0.348,0
CUST00230,1,PARTIAL_CHURN,2,1,1,0,1,2027-04-02,0.232,0
CUST00237,0,RETAINED,2,2,0,0,0,,0.679,1
CUST00246,1,PARTIAL_CHURN,3,2,1,0,1,2019-11-21,0.165,0
CUST00254,1,FULL_CHURN,1,0,1,1,0,2019-03-03,0.087,0
CUST00277,1,PARTIAL_CHURN,2,1,1,1,0,2019-01-18,0.46,0
CUST00278,0,RETAINED,1,1,0,0,0,,0.252,0
CUST00297,1,FULL_CHURN,1,0,1,1,0,2023-07-17,0.046,0
CUST00303,1,FULL_CHURN,1,0,1,0,1,2025-05-08,0.451,0
CUST00308,0,RETAINED,1,1,0,0,0,,0.21,0
CUST00330,1,FULL_CHURN,1,0,1,0,1,2026-01-28,0.084,0
CUST00337,0,RETAINED,1,1,0,0,0,,0.265,0
CUST00340,0,RETAINED,2,2,0,0,0,,0.533,1
CUST00342,1,PARTIAL_CHURN,2,1,1,0,1,2025-09-20,0.212,0
CUST00349,1,FULL_CHURN,1,0,1,1,0,2025-02-08,0.159,0
CUST00374,1,PARTIAL_CHURN,3,1,2,2,0,2027-10-10,0.358,0
CUST00377,1,PARTIAL_CHURN,3,2,1,1,0,2019-05-10,0.144,0
CUST00378,0,RETAINED,1,1,0,0,0,,0.32,0
CUST00394,0,RETAINED,1,1,0,0,0,,0.773,1
CUST00395,0,RETAINED,2,2,0,0,0,,0.441,0
CUST00408,1,FULL_CHURN,2,0,1,0,1,2020-04-28,0.434,0
CUST00427,0,RETAINED,1,0,0,0,0,,0.422,0
CUST00445,0,RETAINED,2,2,0,0,0,,0.224,0
CUST00458,1,FULL_CHURN,1,0,1,1,0,2027-09-04,0.198,0
CUST00188,0,RETAINED,3,2,0,0,0,,0.133,0
CUST00302,0,RETAINED,1,0,0,0,0,,0.472,0
CUST00341,0,RETAINED,2,2,0,0,0,,0.09,0
CUST00345,0,RETAINED,1,1,0,0,0,,0.352,0
CUST00353,1,FULL_CHURN,1,0,1,0,1,2026-01-10,0.77,1
CUST00364,0,RETAINED,1,1,0,0,0,,0.234,0
CUST00372,1,PARTIAL_CHURN,3,1,2,1,1,2027-04-24,0.326,0
CUST00373,0,RETAINED,1,1,0,0,0,,0.151,0
CUST00414,0,RETAINED,1,1,0,0,0,,0.076,0
CUST00432,0,RETAINED,1,1,0,0,0,,0.434,0
CUST00462,1,PARTIAL_CHURN,3,2,1,1,0,2026-03-16,0.413,0
CUST00403,0,RETAINED,3,2,0,0,0,,0.256,0
CUST00428,0,RETAINED,2,2,0,0,0,,0.333,0
CUST00472,0,RETAINED,1,1,0,0,0,,0.258,0
CUST00477,1,PARTIAL_CHURN,2,1,1,0,1,2023-05-05,0.26,0
CUST00480,0,RETAINED,1,1,0,0,0,,0.233,0
CUST00483,1,PARTIAL_CHURN,2,1,1,0,1,2021-11-28,0.245,0
CUST00496,0,RETAINED,1,1,0,0,0,,0.157,0
CUST00505,0,RETAINED,1,1,0,0,0,,0.139,0
CUST00506,1,PARTIAL_CHURN,2,1,1,1,0,2025-07-10,0.345,0
CUST00510,0,RETAINED,1,1,0,0,0,,0.31,0
CUST00511,0,RETAINED,1,1,0,0,0,,0.1,0
CUST00531,0,RETAINED,1,1,0,0,0,,0.281,0
CUST00537,0,RETAINED,2,1,0,0,0,,0.489,0
CUST00554,0,RETAINED,2,2,0,0,0,,0.239,0
CUST00567,0,RETAINED,1,1,0,0,0,,0.295,0
CUST00609,0,RETAINED,1,1,0,0,0,,0.319,0
CUST00619,0,RETAINED,3,2,0,0,0,,0.148,0
CUST00630,0,RETAINED,2,2,0,0,0,,0.018,0
CUST00657,1,FULL_CHURN,1,0,1,1,0,2026-05-04,0.082,0
CUST00658,1,FULL_CHURN,1,0,1,1,0,2025-05-20,0.183,0
CUST00659,0,RETAINED,1,1,0,0,0,,0.433,0
CUST00685,0,RETAINED,1,1,0,0,0,,0.279,0
CUST00698,0,RETAINED,1,1,0,0,0,,0.499,0
CUST00701,0,RETAINED,1,0,0,0,0,,0.19,0
CUST00704,0,RETAINED,1,1,0,0,0,,0.145,0
CUST00705,1,PARTIAL_CHURN,3,1,1,1,0,2027-01-28,0.536,1
CUST00714,0,RETAINED,2,2,0,0,0,,0.196,0
CUST00720,0,RETAINED,2,2,0,0,0,,0.012,0
CUST00735,0,RETAINED,2,2,0,0,0,,0.188,0
CUST00739,1,FULL_CHURN,1,0,1,1,0,2024-06-28,0.323,0
CUST00745,1,PARTIAL_CHURN,2,1,1,0,1,2019-07-19,0.181,0
CUST00753,0,RETAINED,3,3,0,0,0,,0.331,0
CUST00765,0,RETAINED,1,1,0,0,0,,0.114,0
CUST00793,1,PARTIAL_CHURN,3,1,2,1,1,2023-07-18,0.149,0
CUST00800,1,FULL_CHURN,1,0,1,0,1,2022-06-02,0.307,0
CUST00812,0,RETAINED,1,1,0,0,0,,0.344,0
CUST00814,0,RETAINED,1,0,0,0,0,,0.147,0
CUST00815,0,RETAINED,2,2,0,0,0,,0.72,1
CUST00820,0,RETAINED,1,1,0,0,0,,0.483,0
CUST00835,1,PARTIAL_CHURN,2,1,1,0,1,2023-06-08,0.184,0
CUST00886,0,RETAINED,1,1,0,0,0,,0.234,0
CUST00888,1,PARTIAL_CHURN,2,1,1,0,1,2025-10-06,0.384,0
CUST00890,1,PARTIAL_CHURN,2,1,1,0,1,2021-06-23,0.274,0
CUST00898,1,FULL_CHURN,1,0,1,0,1,2024-03-23,0.379,0
CUST00899,0,RETAINED,3,3,0,0,0,,0.606,1
CUST00903,0,RETAINED,1,1,0,0,0,,0.23,0
CUST00916,0,RETAINED,1,1,0,0,0,,0.241,0
CUST00947,0,RETAINED,1,1,0,0,0,,0.534,1
CUST00960,1,PARTIAL_CHURN,3,2,1,1,0,2022-03-19,0.347,0
CUST00961,0,RETAINED,3,2,0,0,0,,0.495,0
CUST00969,1,PARTIAL_CHURN,3,2,1,1,0,2022-04-28,0.189,0
CUST00970,0,RETAINED,1,1,0,0,0,,0.248,0
CUST00984,0,RETAINED,1,0,0,0,0,,0.416,0
CUST00989,0,RETAINED,1,1,0,0,0,,0.357,0
CUST00994,1,PARTIAL_CHURN,2,1,1,1,0,2023-01-26,0.383,0
CUST00561,1,FULL_CHURN,1,0,1,1,0,2023-11-16,0.087,0
CUST00615,0,RETAINED,2,2,0,0,0,,0.073,0
CUST00653,1,PARTIAL_CHURN,2,1,1,1,0,2026-09-26,0.312,0
CUST00667,1,FULL_CHURN,2,0,1,0,1,2019-07-02,0.004,0
CUST00733,0,RETAINED,1,1,0,0,0,,0.186,0
CUST00795,0,RETAINED,3,3,0,0,0,,0.212,0
CUST00827,0,RETAINED,1,1,0,0,0,,0.308,0
CUST00893,1,PARTIAL_CHURN,3,1,2,1,1,2027-10-12,0.426,0
CUST00918,1,PARTIAL_CHURN,2,1,1,0,1,2022-04-02,0.26,0
CUST00919,0,RETAINED,1,1,0,0,0,,0.405,0
CUST00933,0,RETAINED,2,2,0,0,0,,0.243,0
CUST00935,1,FULL_CHURN,1,0,1,0,1,2026-07-28,0.113,0
CUST00938,0,RETAINED,1,1,0,0,0,,0.266,0
CUST00967,1,FULL_CHURN,1,0,1,1,0,2020-07-13,0.312,0
CUST00998,0,RETAINED,2,2,0,0,0,,0.232,0
CUST00999,1,PARTIAL_CHURN,2,1,1,1,0,2025-10-11,0.482,0
CUST00690,0,RETAINED,1,1,0,0,0,,0.342,0
CUST00018,0,RETAINED,1,0,0,0,0,,0.263,0
CUST00019,0,RETAINED,1,1,0,0,0,,0.417,0
CUST00023,0,RETAINED,3,3,0,0,0,,0.543,1
CUST00030,1,FULL_CHURN,1,0,1,0,1,2021-03-19,0.841,1
CUST00040,0,RETAINED,1,1,0,0,0,,0.606,1
CUST00052,0,RETAINED,1,0,0,0,0,,0.032,0
CUST00101,1,FULL_CHURN,2,0,2,2,0,2027-01-19,0.48,0
CUST00049,0,RETAINED,1,0,0,0,0,,0.107,0
CUST00058,0,RETAINED,3,2,0,0,0,,0.143,0
CUST00061,1,PARTIAL_CHURN,2,1,1,1,0,2026-12-11,0.195,0
CUST00071,0,RETAINED,1,0,0,0,0,,0.105,0
CUST00083,0,RETAINED,1,1,0,0,0,,0.125,0
CUST00118,0,RETAINED,2,1,0,0,0,,0.058,0
CUST00143,0,RETAINED,2,1,0,0,0,,0.362,0
CUST00148,1,FULL_CHURN,1,0,1,1,0,2022-03-28,0.508,1
CUST00055,0,RETAINED,1,0,0,0,0,,0.17,0
CUST00086,0,RETAINED,1,1,0,0,0,,0.175,0
CUST00107,1,FULL_CHURN,3,0,3,1,2,2024-02-27,0.362,0
CUST00136,1,PARTIAL_CHURN,3,2,1,0,1,2025-11-23,0.257,0
CUST00162,0,RETAINED,2,2,0,0,0,,0.669,1
CUST00168,0,RETAINED,1,1,0,0,0,,0.166,0
CUST00183,0,RETAINED,1,1,0,0,0,,0.241,0
CUST00184,1,FULL_CHURN,2,0,1,1,0,2026-05-14,0.154,0
CUST00200,1,FULL_CHURN,1,0,1,0,1,2023-02-21,0.206,0
CUST00224,0,RETAINED,1,1,0,0,0,,0.324,0
CUST00238,0,RETAINED,1,1,0,0,0,,0.667,1
CUST00242,1,FULL_CHURN,2,0,1,0,1,2027-11-28,0.169,0
CUST00252,0,RETAINED,2,1,0,0,0,,0.069,0
CUST00256,0,RETAINED,2,2,0,0,0,,0.321,0
CUST00260,0,RETAINED,2,2,0,0,0,,0.389,0
CUST00267,1,FULL_CHURN,2,0,2,2,0,2025-01-14,0.299,0
CUST00283,0,RETAINED,2,1,0,0,0,,0.239,0
CUST00289,0,RETAINED,1,1,0,0,0,,0.267,0
CUST00292,1,FULL_CHURN,1,0,1,1,0,2022-06-19,0.601,1
CUST00318,0,RETAINED,2,2,0,0,0,,0.523,1
CUST00319,0,RETAINED,1,0,0,0,0,,0.246,0
CUST00328,1,PARTIAL_CHURN,3,2,1,1,0,2027-11-24,0.23,0
CUST00344,0,RETAINED,1,1,0,0,0,,0.667,1
CUST00366,0,RETAINED,2,2,0,0,0,,0.252,0
CUST00369,0,RETAINED,1,1,0,0,0,,0.166,0
CUST00392,1,FULL_CHURN,1,0,1,0,1,2024-04-06,0.266,0
CUST00412,0,RETAINED,2,2,0,0,0,,0.409,0
CUST00425,1,FULL_CHURN,1,0,1,0,1,2019-04-09,0.097,0
CUST00453,0,RETAINED,1,1,0,0,0,,0.582,1
CUST00321,0,RETAINED,1,1,0,0,0,,0.156,0
CUST00331,0,RETAINED,1,1,0,0,0,,0.581,1
CUST00334,0,RETAINED,2,2,0,0,0,,0.335,0
CUST00359,0,RETAINED,1,1,0,0,0,,0.086,0
CUST00400,1,PARTIAL_CHURN,2,1,1,0,1,2024-01-19,0.614,1
CUST00413,0,RETAINED,3,3,0,0,0,,0.317,0
CUST00434,0,RETAINED,1,1,0,0,0,,0.271,0
CUST00454,0,RETAINED,2,2,0,0,0,,0.315,0
CUST00241,0,RETAINED,2,0,0,0,0,,0.071,0
CUST00474,1,PARTIAL_CHURN,2,1,1,1,0,2022-07-28,0.036,0
CUST00490,1,PARTIAL_CHURN,2,1,1,0,1,2019-06-04,0.07,0
CUST00514,0,RETAINED,1,1,0,0,0,,0.235,0
CUST00518,0,RETAINED,3,3,0,0,0,,0.491,0
CUST00520,1,PARTIAL_CHURN,2,1,1,1,0,2021-01-08,0.345,0
CUST00526,0,RETAINED,1,1,0,0,0,,0.304,0
CUST00527,0,RETAINED,1,1,0,0,0,,0.043,0
CUST00541,0,RETAINED,2,1,0,0,0,,0.29,0
CUST00544,0,RETAINED,1,1,0,0,0,,0.234,0
CUST00553,0,RETAINED,2,2,0,0,0,,0.305,0
CUST00575,0,RETAINED,1,1,0,0,0,,0.457,0
CUST00603,0,RETAINED,2,2,0,0,0,,0.384,0
CUST00617,0,RETAINED,1,1,0,0,0,,0.136,0
CUST00623,0,RETAINED,1,1,0,0,0,,0.657,1
CUST00624,0,RETAINED,1,1,0,0,0,,0.324,0
CUST00627,0,RETAINED,2,1,0,0,0,,0.077,0
CUST00668,0,RETAINED,1,1,0,0,0,,0.204,0
CUST00674,0,RETAINED,1,1,0,0,0,,0.441,0
CUST00692,0,RETAINED,1,1,0,0,0,,0.141,0
CUST00731,1,FULL_CHURN,2,0,1,1,0,2024-02-11,0.537,1
CUST00742,1,FULL_CHURN,1,0,1,1,0,2022-04-23,0.521,1
CUST00751,0,RETAINED,1,1,0,0,0,,0.329,0
CUST00761,1,PARTIAL_CHURN,2,1,1,1,0,2024-04-05,0.177,0
CUST00766,0,RETAINED,2,2,0,0,0,,0.121,0
CUST00776,1,FULL_CHURN,1,0,1,0,1,2024-12-14,0.276,0
CUST00809,1,PARTIAL_CHURN,2,1,1,1,0,2020-11-04,0.11,0
CUST00810,0,RETAINED,1,0,0,0,0,,0.132,0
CUST00844,1,PARTIAL_CHURN,2,1,1,1,0,2019-11-20,0.333,0
CUST00852,0,RETAINED,2,2,0,0,0,,0.155,0
CUST00853,0,RETAINED,1,1,0,0,0,,0.089,0
CUST00857,1,FULL_CHURN,2,0,2,0,2,2027-03-04,0.262,0
CUST00867,0,RETAINED,1,1,0,0,0,,0.348,0
CUST00872,1,PARTIAL_CHURN,3,1,2,2,0,2022-11-20,0.105,0
CUST00879,1,FULL_CHURN,1,0,1,1,0,2022-03-13,0.192,0
CUST00885,0,RETAINED,1,1,0,0,0,,0.137,0
CUST00914,0,RETAINED,2,2,0,0,0,,0.38,0
CUST00915,0,RETAINED,1,1,0,0,0,,0.25,0
CUST00917,1,FULL_CHURN,2,0,1,0,1,2022-07-07,0.082,0
CUST00934,1,FULL_CHURN,2,0,2,2,0,2026-02-11,0.244,0
CUST00946,0,RETAINED,2,2,0,0,0,,0.191,0
CUST00958,0,RETAINED,1,1,0,0,0,,0.334,0
CUST00959,0,RETAINED,2,1,0,0,0,,0.229,0
CUST00962,0,RETAINED,1,1,0,0,0,,0.144,0
CUST00964,1,FULL_CHURN,2,0,2,1,1,2026-05-03,0.064,0
CUST01000,0,RETAINED,1,1,0,0,0,,0.204,0
CUST00642,0,RETAINED,1,1,0,0,0,,0.579,1
CUST00713,0,RETAINED,2,2,0,0,0,,0.215,0
CUST00730,0,RETAINED,1,0,0,0,0,,0.14,0
CUST00737,1,FULL_CHURN,1,0,1,1,0,2021-11-07,0.081,0
CUST00777,1,FULL_CHURN,3,0,3,2,1,2024-03-01,0.413,0
CUST00921,0,RETAINED,1,1,0,0,0,,0.534,1
CUST00927,1,PARTIAL_CHURN,2,1,1,0,1,2022-10-04,0.268,0
CUST00956,0,RETAINED,1,1,0,0,0,,0.081,0
CUST00995,1,PARTIAL_CHURN,3,1,1,1,0,2026-05-06,0.14,0
CUST00002,1,PARTIAL_CHURN,2,1,1,1,0,2026-02-02,0.412,0
CUST00005,0,RETAINED,1,1,0,0,0,,0.168,0
CUST00007,1,FULL_CHURN,1,0,1,0,1,2020-01-06,0.293,0
CUST00024,1,PARTIAL_CHURN,2,1,1,1,0,2025-12-02,0.44,0
CUST00027,1,PARTIAL_CHURN,3,2,1,0,1,2021-04-25,0.19,0
CUST00029,0,RETAINED,1,1,0,0,0,,0.043,0
CUST00035,1,FULL_CHURN,1,0,1,1,0,2027-10-21,0.062,0
CUST00075,0,RETAINED,1,1,0,0,0,,0.452,0
CUST00080,1,FULL_CHURN,1,0,1,1,0,2024-12-28,0.638,1
CUST00082,0,RETAINED,2,2,0,0,0,,0.355,0
CUST00132,1,FULL_CHURN,1,0,1,1,0,2025-08-17,0.282,0
CUST00032,1,FULL_CHURN,3,0,2,1,1,2020-12-05,0.557,1
CUST00037,0,RETAINED,1,1,0,0,0,,0.213,0
CUST00053,0,RETAINED,1,1,0,0,0,,0.484,0
CUST00063,0,RETAINED,1,1,0,0,0,,0.129,0
CUST00090,1,FULL_CHURN,1,0,1,1,0,2026-05-24,0.562,1
CUST00114,0,RETAINED,1,1,0,0,0,,0.172,0
CUST00149,0,RETAINED,1,1,0,0,0,,0.189,0
CUST00156,0,RETAINED,1,1,0,0,0,,0.036,0
CUST00036,1,FULL_CHURN,1,0,1,1,0,2024-09-09,0.32,0
CUST00092,0,RETAINED,3,2,0,0,0,,0.418,0
CUST00130,0,RETAINED,1,1,0,0,0,,0.13,0
CUST00070,1,FULL_CHURN,1,0,1,1,0,2022-06-08,0.368,0
CUST00140,0,RETAINED,1,1,0,0,0,,0.372,0
CUST00164,1,PARTIAL_CHURN,2,1,1,1,0,2027-01-13,0.171,0
CUST00175,0,RETAINED,1,1,0,0,0,,0.522,1
CUST00193,1,PARTIAL_CHURN,2,1,1,1,0,2020-08-24,0.121,0
CUST00205,0,RETAINED,1,1,0,0,0,,0.215,0
CUST00208,1,FULL_CHURN,1,0,1,0,1,2020-06-16,0.192,0
CUST00221,1,FULL_CHURN,1,0,1,0,1,2020-07-06,0.157,0
CUST00231,1,FULL_CHURN,1,0,1,0,1,2023-11-25,0.243,0
CUST00234,0,RETAINED,1,1,0,0,0,,0.499,0
CUST00255,0,RETAINED,2,2,0,0,0,,0.173,0
CUST00261,0,RETAINED,1,0,0,0,0,,0.131,0
CUST00262,0,RETAINED,3,3,0,0,0,,0.504,1
CUST00270,1,FULL_CHURN,2,0,2,1,1,2020-12-27,0.112,0
CUST00272,0,RETAINED,2,2,0,0,0,,0.343,0
CUST00279,0,RETAINED,1,1,0,0,0,,0.074,0
CUST00284,0,RETAINED,1,1,0,0,0,,0.084,0
CUST00310,1,FULL_CHURN,1,0,1,1,0,2024-12-07,0.326,0
CUST00312,0,RETAINED,1,1,0,0,0,,0.259,0
CUST00313,1,PARTIAL_CHURN,3,2,1,0,1,2021-10-17,0.271,0
CUST00326,0,RETAINED,2,2,0,0,0,,0.168,0
CUST00362,1,PARTIAL_CHURN,3,2,1,0,1,2023-05-16,0.268,0
CUST00370,0,RETAINED,1,1,0,0,0,,0.259,0
CUST00383,0,RETAINED,1,0,0,0,0,,0.499,0
CUST00396,0,RETAINED,1,1,0,0,0,,0.362,0
CUST00397,0,RETAINED,2,2,0,0,0,,0.148,0
CUST00409,0,RETAINED,2,2,0,0,0,,0.077,0
CUST00423,0,RETAINED,1,0,0,0,0,,0.034,0
CUST00441,1,PARTIAL_CHURN,2,1,1,1,0,2019-03-10,0.057,0
CUST00446,0,RETAINED,1,1,0,0,0,,0.504,1
CUST00204,0,RETAINED,1,1,0,0,0,,0.479,0
CUST00222,0,RETAINED,2,1,0,0,0,,0.652,1
CUST00236,1,PARTIAL_CHURN,2,1,1,0,1,2021-07-28,0.219,0
CUST00269,1,PARTIAL_CHURN,2,1,1,1,0,2025-04-23,0.236,0
CUST00307,0,RETAINED,1,1,0,0,0,,0.41,0
CUST00385,0,RETAINED,1,1,0,0,0,,0.241,0
CUST00410,1,FULL_CHURN,2,0,1,0,1,2027-05-28,0.483,0
CUST00449,0,RETAINED,1,1,0,0,0,,0.4,0
CUST00455,0,RETAINED,2,1,0,0,0,,0.162,0
CUST00463,1,FULL_CHURN,1,0,1,0,1,2023-07-17,0.244,0
CUST00451,0,RETAINED,2,1,0,0,0,,0.329,0
CUST00470,1,PARTIAL_CHURN,2,1,1,0,1,2025-09-04,0.466,0
CUST00484,1,PARTIAL_CHURN,2,1,1,0,1,2027-01-28,0.18,0
CUST00487,1,FULL_CHURN,2,0,1,1,0,2020-02-15,0.164,0
CUST00495,1,FULL_CHURN,1,0,1,0,1,2022-01-20,0.636,1
CUST00499,0,RETAINED,2,2,0,0,0,,0.525,1
CUST00522,0,RETAINED,2,2,0,0,0,,0.357,0
CUST00524,1,FULL_CHURN,1,0,1,1,0,2024-09-23,0.584,1
CUST00536,0,RETAINED,1,1,0,0,0,,0.476,0
CUST00565,0,RETAINED,2,2,0,0,0,,0.207,0
CUST00590,0,RETAINED,2,2,0,0,0,,0.41,0
CUST00596,1,PARTIAL_CHURN,3,1,2,1,1,2025-12-21,0.176,0
CUST00611,0,RETAINED,2,2,0,0,0,,0.474,0
CUST00612,0,RETAINED,1,1,0,0,0,,0.046,0
CUST00614,0,RETAINED,1,1,0,0,0,,0.069,0
CUST00622,0,RETAINED,1,1,0,0,0,,0.24,0
CUST00626,1,PARTIAL_CHURN,2,1,1,0,1,2024-02-11,0.183,0
CUST00646,1,FULL_CHURN,1,0,1,0,1,2022-12-01,0.177,0
CUST00699,0,RETAINED,2,2,0,0,0,,0.188,0
CUST00702,0,RETAINED,2,2,0,0,0,,0.138,0
CUST00727,1,PARTIAL_CHURN,2,1,1,1,0,2020-11-09,0.386,0
CUST00741,1,FULL_CHURN,1,0,1,0,1,2024-09-10,0.431,0
CUST00747,0,RETAINED,2,2,0,0,0,,0.016,0
CUST00752,0,RETAINED,1,1,0,0,0,,0.433,0
CUST00757,0,RETAINED,1,0,0,0,0,,0.256,0
CUST00778,1,FULL_CHURN,1,0,1,1,0,2021-04-28,0.347,0
CUST00792,0,RETAINED,1,0,0,0,0,,0.46,0
CUST00804,0,RETAINED,1,1,0,0,0,,0.554,1
CUST00818,0,RETAINED,2,2,0,0,0,,0.02,0
CUST00825,1,PARTIAL_CHURN,3,1,1,0,1,2025-03-15,0.592,1
CUST00831,0,RETAINED,2,2,0,0,0,,0.258,0
CUST00851,1,PARTIAL_CHURN,3,1,2,2,0,2023-07-12,0.297,0
CUST00862,0,RETAINED,1,0,0,0,0,,0.334,0
CUST00882,1,PARTIAL_CHURN,3,2,1,0,1,2020-01-12,0.596,1
CUST00883,0,RETAINED,2,2,0,0,0,,0.232,0
CUST00891,0,RETAINED,1,1,0,0,0,,0.098,0
CUST00936,0,RETAINED,2,1,0,0,0,,0.739,1
CUST00942,0,RETAINED,1,1,0,0,0,,0.32,0
CUST00768,0,RETAINED,2,2,0,0,0,,0.4,0
CUST00770,0,RETAINED,1,1,0,0,0,,0.474,0
CUST00771,0,RETAINED,2,1,0,0,0,,0.101,0
CUST00796,0,RETAINED,2,2,0,0,0,,0.216,0
CUST00817,0,RETAINED,1,1,0,0,0,,0.266,0
CUST00830,0,RETAINED,2,2,0,0,0,,0.396,0
CUST00847,0,RETAINED,1,1,0,0,0,,0.557,1
CUST00861,0,RETAINED,1,1,0,0,0,,0.328,0
CUST00887,0,RETAINED,1,1,0,0,0,,0.18,0
CUST00924,0,RETAINED,2,2,0,0,0,,0.049,0
CUST00950,0,RETAINED,1,1,0,0,0,,0.126,0
CUST00951,1,PARTIAL_CHURN,2,1,1,1,0,2023-01-16,0.415,0
CUST00979,0,RETAINED,3,3,0,0,0,,0.066,0
CUST00981,0,RETAINED,1,1,0,0,0,,0.444,0
CUST00991,0,RETAINED,1,1,0,0,0,,0.582,1
CUST00906,0,RETAINED,1,1,0,0,0,,0.263,0
CUST00996,0,RETAINED,1,1,0,0,0,,0.307,0
CUST00009,1,PARTIAL_CHURN,2,1,1,1,0,2020-06-11,0.358,0
CUST00047,0,RETAINED,1,1,0,0,0,,0.125,0
CUST00050,0,RETAINED,1,1,0,0,0,,0.303,0
CUST00054,0,RETAINED,2,1,0,0,0,,0.152,0
CUST00065,1,PARTIAL_CHURN,3,1,2,1,1,2026-09-10,0.171,0
CUST00072,1,PARTIAL_CHURN,2,1,1,0,1,2020-03-18,0.099,0
CUST00095,1,FULL_CHURN,3,0,3,2,1,2026-06-03,0.541,1
CUST00122,0,RETAINED,1,1,0,0,0,,0.413,0
CUST00146,1,FULL_CHURN,1,0,1,1,0,2026-06-09,0.264,0
CUST00026,0,RETAINED,1,1,0,0,0,,0.768,1
CUST00034,0,RETAINED,1,0,0,0,0,,0.53,1
CUST00044,0,RETAINED,1,0,0,0,0,,0.409,0
CUST00079,0,RETAINED,2,2,0,0,0,,0.395,0
CUST00088,1,FULL_CHURN,2,0,2,0,2,2024-02-20,0.456,0
CUST00093,1,PARTIAL_CHURN,3,1,2,1,1,2026-03-25,0.35,0
CUST00116,0,RETAINED,1,1,0,0,0,,0.519,1
CUST00124,1,PARTIAL_CHURN,3,1,2,0,2,2025-07-20,0.102,0
CUST00150,1,PARTIAL_CHURN,2,1,1,1,0,2019-05-03,0.111,0
CUST00064,0,RETAINED,1,1,0,0,0,,0.072,0
CUST00091,0,RETAINED,1,0,0,0,0,,0.201,0
CUST00098,0,RETAINED,1,1,0,0,0,,0.227,0
CUST00158,0,RETAINED,1,0,0,0,0,,0.606,1
CUST00133,0,RETAINED,2,0,0,0,0,,0.196,0
CUST00120,0,RETAINED,1,1,0,0,0,,0.159,0
CUST00160,0,RETAINED,1,1,0,0,0,,0.151,0
CUST00174,1,PARTIAL_CHURN,2,1,1,1,0,2021-06-17,0.523,1
CUST00182,1,PARTIAL_CHURN,3,1,1,1,0,2021-12-16,0.157,0
CUST00185,1,PARTIAL_CHURN,3,1,1,1,0,2023-09-07,0.197,0
CUST00195,1,PARTIAL_CHURN,3,2,1,0,1,2019-09-28,0.213,0
CUST00198,0,RETAINED,1,0,0,0,0,,0.151,0
CUST00216,0,RETAINED,1,0,0,0,0,,0.127,0
CUST00219,1,PARTIAL_CHURN,2,1,1,1,0,2024-04-10,0.223,0
CUST00223,0,RETAINED,1,1,0,0,0,,0.336,0
CUST00251,1,PARTIAL_CHURN,2,1,1,0,1,2027-01-08,0.136,0
CUST00266,0,RETAINED,1,1,0,0,0,,0.45,0
CUST00288,1,FULL_CHURN,2,0,1,1,0,2019-04-25,0.3,0
CUST00290,0,RETAINED,1,1,0,0,0,,0.538,1
CUST00291,0,RETAINED,1,1,0,0,0,,0.329,0
CUST00295,1,PARTIAL_CHURN,3,1,1,1,0,2022-06-20,0.314,0
CUST00299,0,RETAINED,2,1,0,0,0,,0.538,1
CUST00343,0,RETAINED,1,1,0,0,0,,0.381,0
CUST00361,0,RETAINED,1,1,0,0,0,,0.553,1
CUST00387,0,RETAINED,1,0,0,0,0,,0.283,0
CUST00407,0,RETAINED,1,1,0,0,0,,0.42,0
CUST00415,1,PARTIAL_CHURN,2,1,1,0,1,2023-12-22,0.249,0
CUST00422,1,PARTIAL_CHURN,2,1,1,0,1,2026-05-23,0.31,0
CUST00442,0,RETAINED,1,1,0,0,0,,0.595,1
CUST00452,0,RETAINED,2,0,0,0,0,,0.061,0
CUST00464,0,RETAINED,2,2,0,0,0,,0.324,0
CUST00264,0,RETAINED,2,2,0,0,0,,0.121,0
CUST00309,0,RETAINED,1,1,0,0,0,,0.144,0
CUST00320,1,PARTIAL_CHURN,2,1,1,1,0,2027-08-07,0.651,1
CUST00325,0,RETAINED,1,1,0,0,0,,0.514,1
CUST00358,0,RETAINED,2,2,0,0,0,,0.482,0
CUST00386,0,RETAINED,1,1,0,0,0,,0.424,0
CUST00443,1,PARTIAL_CHURN,2,1,1,1,0,2019-01-18,0.089,0
CUST00466,1,FULL_CHURN,1,0,1,0,1,2026-03-28,0.04,0
CUST00265,1,FULL_CHURN,1,0,1,0,1,2027-08-28,0.142,0
CUST00368,0,RETAINED,1,1,0,0,0,,0.344,0
CUST00473,0,RETAINED,1,1,0,0,0,,0.013,0
CUST00491,0,RETAINED,2,2,0,0,0,,0.252,0
CUST00493,1,FULL_CHURN,1,0,1,1,0,2025-08-16,0.068,0
CUST00502,1,FULL_CHURN,1,0,1,1,0,2022-02-12,0.349,0
CUST00519,1,PARTIAL_CHURN,2,1,1,1,0,2024-11-25,0.523,1
CUST00552,0,RETAINED,1,1,0,0,0,,0.199,0
CUST00564,0,RETAINED,1,1,0,0,0,,0.22,0
CUST00566,1,FULL_CHURN,1,0,1,1,0,2026-11-12,0.382,0
CUST00578,0,RETAINED,2,2,0,0,0,,0.291,0
CUST00583,0,RETAINED,2,2,0,0,0,,0.145,0
CUST00589,0,RETAINED,1,1,0,0,0,,0.56,1
CUST00594,1,PARTIAL_CHURN,2,1,1,0,1,2023-01-03,0.291,0
CUST00601,0,RETAINED,2,2,0,0,0,,0.32,0
CUST00605,1,FULL_CHURN,1,0,1,1,0,2026-03-12,0.242,0
CUST00620,0,RETAINED,1,1,0,0,0,,0.267,0
CUST00637,1,PARTIAL_CHURN,3,2,1,1,0,2022-09-24,0.209,0
CUST00641,0,RETAINED,2,2,0,0,0,,0.323,0
CUST00647,0,RETAINED,1,1,0,0,0,,0.302,0
CUST00652,0,RETAINED,3,1,0,0,0,,0.254,0
CUST00654,1,FULL_CHURN,2,0,2,1,1,2024-02-18,0.239,0
CUST00656,1,PARTIAL_CHURN,2,1,1,1,0,2020-08-27,0.276,0
CUST00661,1,FULL_CHURN,1,0,1,0,1,2021-08-07,0.473,0
CUST00663,0,RETAINED,1,1,0,0,0,,0.229,0
CUST00665,0,RETAINED,1,1,0,0,0,,0.274,0
CUST00670,0,RETAINED,1,1,0,0,0,,0.191,0
CUST00677,1,FULL_CHURN,1,0,1,0,1,2024-06-06,0.284,0
CUST00681,1,PARTIAL_CHURN,3,2,1,0,1,2023-10-28,0.517,1
CUST00693,0,RETAINED,2,2,0,0,0,,0.116,0
CUST00695,0,RETAINED,2,2,0,0,0,,0.073,0
CUST00712,1,FULL_CHURN,2,0,1,1,0,2019-12-18,0.201,0
CUST00716,0,RETAINED,1,1,0,0,0,,0.143,0
CUST00781,0,RETAINED,1,1,0,0,0,,0.237,0
CUST00784,0,RETAINED,1,0,0,0,0,,0.257,0
CUST00790,0,RETAINED,1,1,0,0,0,,0.112,0
CUST00791,1,PARTIAL_CHURN,2,1,1,1,0,2023-05-20,0.351,0
CUST00803,1,PARTIAL_CHURN,2,1,1,0,1,2019-11-03,0.282,0
CUST00807,1,PARTIAL_CHURN,3,1,1,1,0,2026-07-23,0.159,0
CUST00836,1,PARTIAL_CHURN,3,1,2,1,1,2026-05-02,0.044,0
CUST00842,0,RETAINED,1,1,0,0,0,,0.474,0
CUST00845,1,PARTIAL_CHURN,2,1,1,0,1,2022-03-18,0.319,0
CUST00846,0,RETAINED,2,1,0,0,0,,0.324,0
CUST00848,0,RETAINED,1,1,0,0,0,,0.55,1
CUST00850,0,RETAINED,2,2,0,0,0,,0.275,0
CUST00865,1,PARTIAL_CHURN,3,2,1,1,0,2023-06-23,0.075,0
CUST00866,1,FULL_CHURN,1,0,1,0,1,2026-08-03,0.173,0
CUST00878,0,RETAINED,2,1,0,0,0,,0.14,0
CUST00884,0,RETAINED,1,1,0,0,0,,0.453,0
CUST00920,0,RETAINED,1,1,0,0,0,,0.247,0
CUST00922,1,FULL_CHURN,1,0,1,1,0,2022-11-19,0.094,0
CUST00929,0,RETAINED,1,1,0,0,0,,0.346,0
CUST00937,0,RETAINED,3,2,0,0,0,,0.042,0
CUST00954,0,RETAINED,2,2,0,0,0,,0.632,1
CUST00957,1,PARTIAL_CHURN,3,2,1,1,0,2022-02-17,0.253,0
CUST00976,1,FULL_CHURN,1,0,1,0,1,2024-02-18,0.412,0
CUST00985,1,FULL_CHURN,1,0,1,1,0,2026-04-28,0.686,1
CUST00986,0,RETAINED,2,2,0,0,0,,0.291,0
CUST00988,0,RETAINED,1,1,0,0,0,,0.135,0
CUST00992,0,RETAINED,2,2,0,0,0,,0.045,0
CUST00621,0,RETAINED,1,1,0,0,0,,0.186,0
CUST00660,0,RETAINED,1,1,0,0,0,,0.234,0
CUST00760,0,RETAINED,2,2,0,0,0,,0.296,0
CUST00763,0,RETAINED,2,1,0,0,0,,0.295,0
CUST00876,0,RETAINED,2,2,0,0,0,,0.242,0
CUST00894,1,FULL_CHURN,1,0,1,1,0,2022-10-01,0.37,0
CUST00912,0,RETAINED,2,1,0,0,0,,0.282,0
CUST00913,0,RETAINED,1,0,0,0,0,,0.218,0
CUST00968,0,RETAINED,1,1,0,0,0,,0.561,1
