CUSTOMER_ID,CHURN_RISK_SCORE,CHURN_RISK_LABEL,UPSELL_PROBABILITY,SCORED_AT,MODEL_VERSION
CUST00004,0.3613,Medium,0.2555,1788874260381853,XGB_V3
CUST00020,0.1156,Low,0.3538,1788874260381853,XGB_V3
CUST00036,0.81,High,0.076,1788874260381853,XGB_V3
CUST00052,0.8564,High,0.0574,1788874260381853,XGB_V3
CUST00068,0.2847,Low,0.2861,1788874260381853,XGB_V3
CUST00084,0.0803,Low,0.3679,1788874260381853,XGB_V3
CUST00100,0.0856,Low,0.4858,1788874260381853,XGB_V3
CUST00116,0.1247,Low,0.3501,1788874260381853,XGB_V3
CUST00132,0.6957,High,0.1217,1788874260381853,XGB_V3
CUST00148,0.8504,High,0.0598,1788874260381853,XGB_V3
CUST00164,0.6648,High,0.1341,1788874260381853,XGB_V3
CUST00180,0.8491,High,0.0604,1788874260381853,XGB_V3
CUST00196,0.1305,Low,0.3478,1788874260381853,XGB_V3
CUST00212,0.2246,Low,0.3102,1788874260381853,XGB_V3
CUST00228,0.1201,Low,0.352,1788874260381853,XGB_V3
CUST00244,0.6738,High,0.1305,1788874260381853,XGB_V3
CUST00260,0.1248,Low,0.3501,1788874260381853,XGB_V3
CUST00276,0.3295,Low,0.3882,1788874260381853,XGB_V3
CUST00292,0.7417,High,0.2233,1788874260381853,XGB_V3
CUST00308,0.1371,Low,0.3452,1788874260381853,XGB_V3
CUST00324,0.3894,Medium,0.3642,1788874260381853,XGB_V3
CUST00340,0.2675,Low,0.293,1788874260381853,XGB_V3
CUST00356,0.6954,High,0.1218,1788874260381853,XGB_V3
CUST00372,0.7976,High,0.081,1788874260381853,XGB_V3
CUST00388,0.2698,Low,0.2921,1788874260381853,XGB_V3
CUST00404,0.6273,Medium,0.1491,1788874260381853,XGB_V3
CUST00420,0.1565,Low,0.3374,1788874260381853,XGB_V3
CUST00436,0.617,Medium,0.2732,1788874260381853,XGB_V3
CUST00452,0.8819,High,0.0472,1788874260381853,XGB_V3
CUST00468,0.1687,Low,0.3325,1788874260381853,XGB_V3
CUST00484,0.7829,High,0.0868,1788874260381853,XGB_V3
CUST00500,0.4527,Medium,0.2189,1788874260381853,XGB_V3
CUST00516,0.1176,Low,0.353,1788874260381853,XGB_V3
CUST00532,0.1865,Low,0.3254,1788874260381853,XGB_V3
CUST00548,0.4377,Medium,0.2249,1788874260381853,XGB_V3
CUST00564,0.119,Low,0.4724,1788874260381853,XGB_V3
CUST00580,0.8383,High,0.0647,1788874260381853,XGB_V3
CUST00596,0.7598,High,0.0961,1788874260381853,XGB_V3
CUST00612,0.1412,Low,0.3435,1788874260381853,XGB_V3
CUST00628,0.2092,Low,0.3163,1788874260381853,XGB_V3
CUST00644,0.092,Low,0.3632,1788874260381853,XGB_V3
CUST00660,0.1475,Low,0.341,1788874260381853,XGB_V3
CUST00676,0.0979,Low,0.3608,1788874260381853,XGB_V3
CUST00692,0.1327,Low,0.4669,1788874260381853,XGB_V3
CUST00708,0.2142,Low,0.3143,1788874260381853,XGB_V3
CUST00724,0.3524,Medium,0.379,1788874260381853,XGB_V3
CUST00740,0.2464,Low,0.3014,1788874260381853,XGB_V3
CUST00756,0.8137,High,0.0745,1788874260381853,XGB_V3
CUST00772,0.2457,Low,0.3017,1788874260381853,XGB_V3
CUST00788,0.784,High,0.0864,1788874260381853,XGB_V3
CUST00804,0.2507,Low,0.2997,1788874260381853,XGB_V3
CUST00820,0.1461,Low,0.3416,1788874260381853,XGB_V3
CUST00836,0.2681,Low,0.2928,1788874260381853,XGB_V3
CUST00852,0.3019,Low,0.2792,1788874260381853,XGB_V3
CUST00868,0.1289,Low,0.3484,1788874260381853,XGB_V3
CUST00884,0.1196,Low,0.3522,1788874260381853,XGB_V3
CUST00900,0.1421,Low,0.4632,1788874260381853,XGB_V3
CUST00916,0.0983,Low,0.4807,1788874260381853,XGB_V3
CUST00932,0.7902,High,0.0839,1788874260381853,XGB_V3
CUST00948,0.8224,High,0.071,1788874260381853,XGB_V3
CUST00964,0.8706,High,0.0518,1788874260381853,XGB_V3
CUST00980,0.2176,Low,0.313,1788874260381853,XGB_V3
CUST00996,0.1119,Low,0.4752,1788874260381853,XGB_V3
CUST00005,0.0979,Low,0.4808,1788874260381853,XGB_V3
CUST00021,0.2339,Low,0.3064,1788874260381853,XGB_V3
CUST00037,0.1949,Low,0.442,1788874260381853,XGB_V3
CUST00053,0.19,Low,0.324,1788874260381853,XGB_V3
CUST00069,0.1538,Low,0.3385,1788874260381853,XGB_V3
CUST00085,0.7691,High,0.0924,1788874260381853,XGB_V3
CUST00101,0.9109,High,0.0356,1788874260381853,XGB_V3
CUST00117,0.8579,High,0.0568,1788874260381853,XGB_V3
CUST00133,0.8074,High,0.077,1788874260381853,XGB_V3
CUST00149,0.1112,Low,0.3555,1788874260381853,XGB_V3
CUST00165,0.2332,Low,0.3067,1788874260381853,XGB_V3
CUST00181,0.5153,Medium,0.1939,1788874260381853,XGB_V3
CUST00197,0.5251,Medium,0.19,1788874260381853,XGB_V3
CUST00213,0.8062,High,0.0775,1788874260381853,XGB_V3
CUST00229,0.1991,Low,0.3204,1788874260381853,XGB_V3
CUST00245,0.3528,Medium,0.2589,1788874260381853,XGB_V3
CUST00261,0.822,High,0.0712,1788874260381853,XGB_V3
CUST00277,0.8276,High,0.069,1788874260381853,XGB_V3
CUST00293,0.1638,Low,0.3345,1788874260381853,XGB_V3
CUST00309,0.1027,Low,0.5989,1788874260381853,XGB_V3
CUST00325,0.1092,Low,0.3563,1788874260381853,XGB_V3
CUST00341,0.1573,Low,0.3371,1788874260381853,XGB_V3
CUST00357,0.1299,Low,0.468,1788874260381853,XGB_V3
CUST00373,0.1314,Low,0.3474,1788874260381853,XGB_V3
CUST00389,0.1726,Low,0.451,1788874260381853,XGB_V3
CUST00405,0.199,Low,0.3204,1788874260381853,XGB_V3
CUST00421,0.0889,Low,0.3644,1788874260381853,XGB_V3
CUST00437,0.8149,High,0.074,1788874260381853,XGB_V3
CUST00453,0.1481,Low,0.4608,1788874260381853,XGB_V3
CUST00469,0.1044,Low,0.3582,1788874260381853,XGB_V3
CUST00485,0.1439,Low,0.3424,1788874260381853,XGB_V3
CUST00501,0.1312,Low,0.3475,1788874260381853,XGB_V3
CUST00517,0.7353,High,0.1059,1788874260381853,XGB_V3
CUST00533,0.1433,Low,0.3427,1788874260381853,XGB_V3
CUST00549,0.1563,Low,0.3375,1788874260381853,XGB_V3
CUST00565,0.2406,Low,0.3038,1788874260381853,XGB_V3
CUST00581,0.1421,Low,0.3432,1788874260381853,XGB_V3
CUST00597,0.3706,Medium,0.2518,1788874260381853,XGB_V3
CUST00613,0.414,Medium,0.2344,1788874260381853,XGB_V3
CUST00629,0.3663,Medium,0.2535,1788874260381853,XGB_V3
CUST00645,0.1068,Low,0.4773,1788874260381853,XGB_V3
CUST00661,0.8027,High,0.0789,1788874260381853,XGB_V3
CUST00677,0.8692,High,0.0523,1788874260381853,XGB_V3
CUST00693,0.1601,Low,0.336,1788874260381853,XGB_V3
CUST00709,0.7532,High,0.0987,1788874260381853,XGB_V3
CUST00725,0.1293,Low,0.3483,1788874260381853,XGB_V3
CUST00741,0.682,High,0.1272,1788874260381853,XGB_V3
CUST00757,0.6651,High,0.134,1788874260381853,XGB_V3
CUST00773,0.8639,High,0.0544,1788874260381853,XGB_V3
CUST00789,0.878,High,0.1688,1788874260381853,XGB_V3
CUST00805,0.0909,Low,0.3636,1788874260381853,XGB_V3
CUST00821,0.2161,Low,0.3136,1788874260381853,XGB_V3
CUST00837,0.5738,Medium,0.1705,1788874260381853,XGB_V3
CUST00853,0.1218,Low,0.3513,1788874260381853,XGB_V3
CUST00869,0.7806,High,0.0878,1788874260381853,XGB_V3
CUST00885,0.1033,Low,0.3587,1788874260381853,XGB_V3
CUST00901,0.523,Medium,0.1908,1788874260381853,XGB_V3
CUST00917,0.8904,High,0.0438,1788874260381853,XGB_V3
CUST00933,0.2109,Low,0.3156,1788874260381853,XGB_V3
CUST00949,0.7963,High,0.0815,1788874260381853,XGB_V3
CUST00965,0.1322,Low,0.3471,1788874260381853,XGB_V3
CUST00981,0.1027,Low,0.3589,1788874260381853,XGB_V3
CUST00997,0.1843,Low,0.3263,1788874260381853,XGB_V3
CUST00006,0.1402,Low,0.3439,1788874260381853,XGB_V3
CUST00022,0.6691,High,0.1324,1788874260381853,XGB_V3
CUST00038,0.5398,Medium,0.1841,1788874260381853,XGB_V3
CUST00054,0.0991,Low,0.3604,1788874260381853,XGB_V3
CUST00070,0.8728,High,0.0509,1788874260381853,XGB_V3
CUST00086,0.085,Low,0.486,1788874260381853,XGB_V3
CUST00102,0.1465,Low,0.3414,1788874260381853,XGB_V3
CUST00118,0.4662,Medium,0.2135,1788874260381853,XGB_V3
CUST00134,0.0805,Low,0.3678,1788874260381853,XGB_V3
CUST00150,0.6916,High,0.2434,1788874260381853,XGB_V3
CUST00166,0.1145,Low,0.3542,1788874260381853,XGB_V3
CUST00182,0.8935,High,0.0426,1788874260381853,XGB_V3
CUST00198,0.8599,High,0.056,1788874260381853,XGB_V3
CUST00214,0.6677,High,0.1329,1788874260381853,XGB_V3
CUST00230,0.5924,Medium,0.163,1788874260381853,XGB_V3
CUST00246,0.7653,High,0.0939,1788874260381853,XGB_V3
CUST00262,0.0865,Low,0.3654,1788874260381853,XGB_V3
CUST00278,0.1956,Low,0.3218,1788874260381853,XGB_V3
CUST00294,0.84,High,0.064,1788874260381853,XGB_V3
CUST00310,0.8463,High,0.0615,1788874260381853,XGB_V3
CUST00326,0.213,Low,0.3148,1788874260381853,XGB_V3
CUST00342,0.7832,High,0.0867,1788874260381853,XGB_V3
CUST00358,0.3518,Medium,0.2593,1788874260381853,XGB_V3
CUST00374,0.8316,High,0.0674,1788874260381853,XGB_V3
CUST00390,0.5758,Medium,0.1697,1788874260381853,XGB_V3
CUST00406,0.6829,High,0.1268,1788874260381853,XGB_V3
CUST00422,0.6571,High,0.1372,1788874260381853,XGB_V3
CUST00438,0.168,Low,0.3328,1788874260381853,XGB_V3
CUST00454,0.1765,Low,0.3294,1788874260381853,XGB_V3
CUST00470,0.671,High,0.3716,1788874260381853,XGB_V3
CUST00486,0.0843,Low,0.3663,1788874260381853,XGB_V3
CUST00502,0.7884,High,0.0846,1788874260381853,XGB_V3
CUST00518,0.1548,Low,0.4581,1788874260381853,XGB_V3
CUST00534,0.6688,High,0.1325,1788874260381853,XGB_V3
CUST00550,0.8434,High,0.0626,1788874260381853,XGB_V3
CUST00566,0.8053,High,0.0779,1788874260381853,XGB_V3
CUST00582,0.1305,Low,0.3478,1788874260381853,XGB_V3
CUST00598,0.4614,Medium,0.2154,1788874260381853,XGB_V3
CUST00614,0.2163,Low,0.3135,1788874260381853,XGB_V3
CUST00630,0.3198,Low,0.2721,1788874260381853,XGB_V3
CUST00646,0.8716,High,0.2914,1788874260381853,XGB_V3
CUST00662,0.7059,High,0.1176,1788874260381853,XGB_V3
CUST00678,0.1142,Low,0.4743,1788874260381853,XGB_V3
CUST00694,0.8412,High,0.0635,1788874260381853,XGB_V3
CUST00710,0.162,Low,0.3352,1788874260381853,XGB_V3
CUST00726,0.1091,Low,0.4764,1788874260381853,XGB_V3
CUST00742,0.7416,High,0.1034,1788874260381853,XGB_V3
CUST00758,0.2419,Low,0.3032,1788874260381853,XGB_V3
CUST00774,0.8136,High,0.0746,1788874260381853,XGB_V3
CUST00790,0.1258,Low,0.3497,1788874260381853,XGB_V3
CUST00806,0.6503,High,0.1399,1788874260381853,XGB_V3
CUST00822,0.8422,High,0.0631,1788874260381853,XGB_V3
CUST00838,0.8533,High,0.0587,1788874260381853,XGB_V3
CUST00854,0.1033,Low,0.3587,1788874260381853,XGB_V3
CUST00870,0.7314,High,0.2274,1788874260381853,XGB_V3
CUST00886,0.1015,Low,0.3594,1788874260381853,XGB_V3
CUST00902,0.0995,Low,0.6002,1788874260381853,XGB_V3
CUST00918,0.7993,High,0.0803,1788874260381853,XGB_V3
CUST00934,0.7933,High,0.2027,1788874260381853,XGB_V3
CUST00950,0.1407,Low,0.3437,1788874260381853,XGB_V3
CUST00966,0.7419,High,0.1032,1788874260381853,XGB_V3
CUST00982,0.1351,Low,0.346,1788874260381853,XGB_V3
CUST00998,0.1929,Low,0.3228,1788874260381853,XGB_V3
CUST00007,0.8524,High,0.059,1788874260381853,XGB_V3
CUST00023,0.1476,Low,0.341,1788874260381853,XGB_V3
CUST00039,0.8095,High,0.0762,1788874260381853,XGB_V3
CUST00055,0.8236,High,0.0706,1788874260381853,XGB_V3
CUST00071,0.7783,High,0.0887,1788874260381853,XGB_V3
CUST00087,0.113,Low,0.3548,1788874260381853,XGB_V3
CUST00103,0.4808,Medium,0.2077,1788874260381853,XGB_V3
CUST00119,0.791,High,0.0836,1788874260381853,XGB_V3
CUST00135,0.1004,Low,0.3598,1788874260381853,XGB_V3
CUST00151,0.8214,High,0.0714,1788874260381853,XGB_V3
CUST00167,0.8445,High,0.0622,1788874260381853,XGB_V3
CUST00183,0.1045,Low,0.3582,1788874260381853,XGB_V3
CUST00199,0.7729,High,0.0908,1788874260381853,XGB_V3
CUST00215,0.2046,Low,0.3182,1788874260381853,XGB_V3
CUST00231,0.7972,High,0.0811,1788874260381853,XGB_V3
CUST00247,0.2288,Low,0.3085,1788874260381853,XGB_V3
CUST00263,0.598,Medium,0.1608,1788874260381853,XGB_V3
CUST00279,0.109,Low,0.3564,1788874260381853,XGB_V3
CUST00295,0.8375,High,0.065,1788874260381853,XGB_V3
CUST00311,0.1956,Low,0.3218,1788874260381853,XGB_V3
CUST00327,0.3713,Medium,0.2515,1788874260381853,XGB_V3
CUST00343,0.0877,Low,0.4849,1788874260381853,XGB_V3
CUST00359,0.1,Low,0.36,1788874260381853,XGB_V3
CUST00375,0.2189,Low,0.3124,1788874260381853,XGB_V3
CUST00391,0.8577,High,0.0569,1788874260381853,XGB_V3
CUST00407,0.1213,Low,0.3515,1788874260381853,XGB_V3
CUST00423,0.7967,High,0.0813,1788874260381853,XGB_V3
CUST00439,0.7477,High,0.1009,1788874260381853,XGB_V3
CUST00455,0.4303,Medium,0.2279,1788874260381853,XGB_V3
CUST00471,0.5335,Medium,0.1866,1788874260381853,XGB_V3
CUST00487,0.875,High,0.05,1788874260381853,XGB_V3
CUST00503,0.5452,Medium,0.1819,1788874260381853,XGB_V3
CUST00519,0.2121,Low,0.3152,1788874260381853,XGB_V3
CUST00535,0.7994,High,0.0802,1788874260381853,XGB_V3
CUST00551,0.7906,High,0.2038,1788874260381853,XGB_V3
CUST00567,0.2071,Low,0.3172,1788874260381853,XGB_V3
CUST00583,0.3559,Medium,0.2576,1788874260381853,XGB_V3
CUST00599,0.178,Low,0.3288,1788874260381853,XGB_V3
CUST00615,0.1162,Low,0.4735,1788874260381853,XGB_V3
CUST00631,0.7671,High,0.0932,1788874260381853,XGB_V3
CUST00647,0.1341,Low,0.5864,1788874260381853,XGB_V3
CUST00663,0.207,Low,0.3172,1788874260381853,XGB_V3
CUST00679,0.1643,Low,0.4543,1788874260381853,XGB_V3
CUST00695,0.1467,Low,0.4613,1788874260381853,XGB_V3
CUST00711,0.0979,Low,0.3608,1788874260381853,XGB_V3
CUST00727,0.4443,Medium,0.2223,1788874260381853,XGB_V3
CUST00743,0.9004,High,0.0398,1788874260381853,XGB_V3
CUST00759,0.75,High,0.1,1788874260381853,XGB_V3
CUST00775,0.4251,Medium,0.23,1788874260381853,XGB_V3
CUST00791,0.662,High,0.1352,1788874260381853,XGB_V3
CUST00807,0.8152,High,0.0739,1788874260381853,XGB_V3
CUST00823,0.0896,Low,0.4842,1788874260381853,XGB_V3
CUST00839,0.8133,High,0.1947,1788874260381853,XGB_V3
CUST00855,0.3408,Low,0.2637,1788874260381853,XGB_V3
CUST00871,0.1907,Low,0.3237,1788874260381853,XGB_V3
CUST00887,0.1069,Low,0.3572,1788874260381853,XGB_V3
CUST00903,0.1825,Low,0.447,1788874260381853,XGB_V3
CUST00919,0.1056,Low,0.3578,1788874260381853,XGB_V3
CUST00935,0.871,High,0.0516,1788874260381853,XGB_V3
CUST00951,0.4257,Medium,0.2297,1788874260381853,XGB_V3
CUST00967,0.6835,High,0.1266,1788874260381853,XGB_V3
CUST00983,0.0794,Low,0.4882,1788874260381853,XGB_V3
CUST00999,0.5686,Medium,0.1726,1788874260381853,XGB_V3
CUST00008,0.8434,High,0.0626,1788874260381853,XGB_V3
CUST00024,0.6345,Medium,0.1462,1788874260381853,XGB_V3
CUST00040,0.2323,Low,0.4271,1788874260381853,XGB_V3
CUST00056,0.1303,Low,0.3479,1788874260381853,XGB_V3
CUST00072,0.5895,Medium,0.4042,1788874260381853,XGB_V3
CUST00088,0.8575,High,0.057,1788874260381853,XGB_V3
CUST00104,0.7467,High,0.2213,1788874260381853,XGB_V3
CUST00120,0.1932,Low,0.3227,1788874260381853,XGB_V3
CUST00136,0.563,Medium,0.1748,1788874260381853,XGB_V3
CUST00152,0.1769,Low,0.3292,1788874260381853,XGB_V3
CUST00168,0.18,Low,0.328,1788874260381853,XGB_V3
CUST00184,0.8611,High,0.0556,1788874260381853,XGB_V3
CUST00200,0.8688,High,0.0525,1788874260381853,XGB_V3
CUST00216,0.8526,High,0.059,1788874260381853,XGB_V3
CUST00232,0.2111,Low,0.3156,1788874260381853,XGB_V3
CUST00248,0.8987,High,0.0405,1788874260381853,XGB_V3
CUST00264,0.3655,Medium,0.2538,1788874260381853,XGB_V3
CUST00280,0.792,High,0.0832,1788874260381853,XGB_V3
CUST00296,0.2107,Low,0.3157,1788874260381853,XGB_V3
CUST00312,0.3157,Low,0.3937,1788874260381853,XGB_V3
CUST00328,0.664,High,0.1344,1788874260381853,XGB_V3
CUST00344,0.1253,Low,0.3499,1788874260381853,XGB_V3
CUST00360,0.1201,Low,0.352,1788874260381853,XGB_V3
CUST00376,0.137,Low,0.3452,1788874260381853,XGB_V3
CUST00392,0.7683,High,0.0927,1788874260381853,XGB_V3
CUST00408,0.8834,High,0.0466,1788874260381853,XGB_V3
CUST00424,0.094,Low,0.3624,1788874260381853,XGB_V3
CUST00440,0.3009,Low,0.2796,1788874260381853,XGB_V3
CUST00456,0.8059,High,0.0776,1788874260381853,XGB_V3
CUST00472,0.4458,Medium,0.3417,1788874260381853,XGB_V3
CUST00488,0.283,Low,0.2868,1788874260381853,XGB_V3
CUST00504,0.6431,Medium,0.1428,1788874260381853,XGB_V3
CUST00520,0.8164,High,0.0734,1788874260381853,XGB_V3
CUST00536,0.1029,Low,0.3588,1788874260381853,XGB_V3
CUST00552,0.1196,Low,0.4722,1788874260381853,XGB_V3
CUST00568,0.5754,Medium,0.2898,1788874260381853,XGB_V3
CUST00584,0.426,Medium,0.2296,1788874260381853,XGB_V3
CUST00600,0.8525,High,0.179,1788874260381853,XGB_V3
CUST00616,0.8359,High,0.1856,1788874260381853,XGB_V3
CUST00632,0.3883,Medium,0.3647,1788874260381853,XGB_V3
CUST00648,0.7184,High,0.1126,1788874260381853,XGB_V3
CUST00664,0.0776,Low,0.489,1788874260381853,XGB_V3
CUST00680,0.1573,Low,0.3371,1788874260381853,XGB_V3
CUST00696,0.3372,Low,0.2651,1788874260381853,XGB_V3
CUST00712,0.8461,High,0.0616,1788874260381853,XGB_V3
CUST00728,0.0916,Low,0.3634,1788874260381853,XGB_V3
CUST00744,0.4889,Medium,0.2044,1788874260381853,XGB_V3
CUST00760,0.125,Low,0.47,1788874260381853,XGB_V3
CUST00776,0.7393,High,0.2243,1788874260381853,XGB_V3
CUST00792,0.5647,Medium,0.1741,1788874260381853,XGB_V3
CUST00808,0.8253,High,0.0699,1788874260381853,XGB_V3
CUST00824,0.1227,Low,0.3509,1788874260381853,XGB_V3
CUST00840,0.7158,High,0.2337,1788874260381853,XGB_V3
CUST00856,0.1032,Low,0.3587,1788874260381853,XGB_V3
CUST00872,0.6343,Medium,0.1463,1788874260381853,XGB_V3
CUST00888,0.2306,Low,0.3078,1788874260381853,XGB_V3
CUST00904,0.2983,Low,0.2807,1788874260381853,XGB_V3
CUST00920,0.1082,Low,0.3567,1788874260381853,XGB_V3
CUST00936,0.1817,Low,0.3273,1788874260381853,XGB_V3
CUST00952,0.6394,Medium,0.1442,1788874260381853,XGB_V3
CUST00968,0.1493,Low,0.3403,1788874260381853,XGB_V3
CUST00984,0.8385,High,0.0646,1788874260381853,XGB_V3
CUST01000,0.1443,Low,0.3423,1788874260381853,XGB_V3
CUST00009,0.5766,Medium,0.1694,1788874260381853,XGB_V3
CUST00025,0.1435,Low,0.3426,1788874260381853,XGB_V3
CUST00041,0.5556,Medium,0.1778,1788874260381853,XGB_V3
CUST00057,0.105,Low,0.358,1788874260381853,XGB_V3
CUST00073,0.6206,Medium,0.2718,1788874260381853,XGB_V3
CUST00089,0.4991,Medium,0.2004,1788874260381853,XGB_V3
CUST00105,0.3849,Medium,0.246,1788874260381853,XGB_V3
CUST00121,0.0801,Low,0.368,1788874260381853,XGB_V3
CUST00137,0.1063,Low,0.3575,1788874260381853,XGB_V3
CUST00153,0.6662,High,0.2535,1788874260381853,XGB_V3
CUST00169,0.1422,Low,0.3431,1788874260381853,XGB_V3
CUST00185,0.564,Medium,0.1744,1788874260381853,XGB_V3
CUST00201,0.8684,High,0.0526,1788874260381853,XGB_V3
CUST00217,0.8136,High,0.0746,1788874260381853,XGB_V3
CUST00233,0.4504,Medium,0.4598,1788874260381853,XGB_V3
CUST00249,0.8312,High,0.0675,1788874260381853,XGB_V3
CUST00265,0.8681,High,0.0528,1788874260381853,XGB_V3
CUST00281,0.1059,Low,0.3576,1788874260381853,XGB_V3
CUST00297,0.77,High,0.092,1788874260381853,XGB_V3
CUST00313,0.6514,High,0.1394,1788874260381853,XGB_V3
CUST00329,0.136,Low,0.3456,1788874260381853,XGB_V3
CUST00345,0.1226,Low,0.351,1788874260381853,XGB_V3
CUST00361,0.1269,Low,0.3492,1788874260381853,XGB_V3
CUST00377,0.4612,Medium,0.2155,1788874260381853,XGB_V3
CUST00393,0.6952,High,0.1219,1788874260381853,XGB_V3
CUST00409,0.3819,Medium,0.2472,1788874260381853,XGB_V3
CUST00425,0.8463,High,0.0615,1788874260381853,XGB_V3
CUST00441,0.6092,Medium,0.2763,1788874260381853,XGB_V3
CUST00457,0.1048,Low,0.4781,1788874260381853,XGB_V3
CUST00473,0.1059,Low,0.3576,1788874260381853,XGB_V3
CUST00489,0.1226,Low,0.351,1788874260381853,XGB_V3
CUST00505,0.1405,Low,0.4638,1788874260381853,XGB_V3
CUST00521,0.848,High,0.0608,1788874260381853,XGB_V3
CUST00537,0.5597,Medium,0.1761,1788874260381853,XGB_V3
CUST00553,0.1664,Low,0.3334,1788874260381853,XGB_V3
CUST00569,0.0852,Low,0.3659,1788874260381853,XGB_V3
CUST00585,0.1591,Low,0.3364,1788874260381853,XGB_V3
CUST00601,0.2139,Low,0.3144,1788874260381853,XGB_V3
CUST00617,0.1967,Low,0.3213,1788874260381853,XGB_V3
CUST00633,0.7542,High,0.0983,1788874260381853,XGB_V3
CUST00649,0.211,Low,0.3156,1788874260381853,XGB_V3
CUST00665,0.1532,Low,0.4587,1788874260381853,XGB_V3
CUST00681,0.2328,Low,0.3069,1788874260381853,XGB_V3
CUST00697,0.8254,High,0.0698,1788874260381853,XGB_V3
CUST00713,0.2237,Low,0.3105,1788874260381853,XGB_V3
CUST00729,0.8239,High,0.0704,1788874260381853,XGB_V3
CUST00745,0.5978,Medium,0.1609,1788874260381853,XGB_V3
CUST00761,0.4549,Medium,0.218,1788874260381853,XGB_V3
CUST00777,0.897,High,0.0412,1788874260381853,XGB_V3
CUST00793,0.7634,High,0.0946,1788874260381853,XGB_V3
CUST00809,0.8121,High,0.1952,1788874260381853,XGB_V3
CUST00825,0.8727,High,0.0509,1788874260381853,XGB_V3
CUST00841,0.8054,High,0.0778,1788874260381853,XGB_V3
CUST00857,0.8224,High,0.071,1788874260381853,XGB_V3
CUST00873,0.1282,Low,0.3487,1788874260381853,XGB_V3
CUST00889,0.1368,Low,0.3453,1788874260381853,XGB_V3
CUST00905,0.1765,Low,0.3294,1788874260381853,XGB_V3
CUST00921,0.173,Low,0.3308,1788874260381853,XGB_V3
CUST00937,0.1471,Low,0.3412,1788874260381853,XGB_V3
CUST00953,0.0766,Low,0.3694,1788874260381853,XGB_V3
CUST00969,0.4914,Medium,0.2034,1788874260381853,XGB_V3
CUST00985,0.8503,High,0.0599,1788874260381853,XGB_V3
CUST00010,0.1477,Low,0.4609,1788874260381853,XGB_V3
CUST00026,0.1275,Low,0.349,1788874260381853,XGB_V3
CUST00042,0.8093,High,0.0763,1788874260381853,XGB_V3
CUST00058,0.4116,Medium,0.2354,1788874260381853,XGB_V3
CUST00074,0.6672,High,0.2531,1788874260381853,XGB_V3
CUST00090,0.8236,High,0.0706,1788874260381853,XGB_V3
CUST00106,0.7198,High,0.1121,1788874260381853,XGB_V3
CUST00122,0.1075,Low,0.357,1788874260381853,XGB_V3
CUST00138,0.8516,High,0.0594,1788874260381853,XGB_V3
CUST00154,0.7087,High,0.1165,1788874260381853,XGB_V3
CUST00170,0.0988,Low,0.4805,1788874260381853,XGB_V3
CUST00186,0.1889,Low,0.3244,1788874260381853,XGB_V3
CUST00202,0.6993,High,0.1203,1788874260381853,XGB_V3
CUST00218,0.2433,Low,0.4227,1788874260381853,XGB_V3
CUST00234,0.1053,Low,0.3579,1788874260381853,XGB_V3
CUST00250,0.302,Low,0.2792,1788874260381853,XGB_V3
CUST00266,0.1564,Low,0.4574,1788874260381853,XGB_V3
CUST00282,0.8375,High,0.065,1788874260381853,XGB_V3
CUST00298,0.8234,High,0.0706,1788874260381853,XGB_V3
CUST00314,0.2895,Low,0.2842,1788874260381853,XGB_V3
CUST00330,0.7929,High,0.2028,1788874260381853,XGB_V3
CUST00346,0.1866,Low,0.3254,1788874260381853,XGB_V3
CUST00362,0.6035,Medium,0.1586,1788874260381853,XGB_V3
CUST00378,0.1067,Low,0.4773,1788874260381853,XGB_V3
CUST00394,0.1765,Low,0.3294,1788874260381853,XGB_V3
CUST00410,0.8899,High,0.044,1788874260381853,XGB_V3
CUST00426,0.7931,High,0.0828,1788874260381853,XGB_V3
CUST00442,0.0868,Low,0.3653,1788874260381853,XGB_V3
CUST00458,0.8597,High,0.0561,1788874260381853,XGB_V3
CUST00474,0.4677,Medium,0.2129,1788874260381853,XGB_V3
CUST00490,0.4452,Medium,0.2219,1788874260381853,XGB_V3
CUST00506,0.8215,High,0.0714,1788874260381853,XGB_V3
CUST00522,0.1339,Low,0.4664,1788874260381853,XGB_V3
CUST00538,0.1004,Low,0.3598,1788874260381853,XGB_V3
CUST00554,0.1109,Low,0.3556,1788874260381853,XGB_V3
CUST00570,0.5196,Medium,0.1922,1788874260381853,XGB_V3
CUST00586,0.5266,Medium,0.1894,1788874260381853,XGB_V3
CUST00602,0.3313,Low,0.2675,1788874260381853,XGB_V3
CUST00618,0.7826,High,0.087,1788874260381853,XGB_V3
CUST00634,0.1899,Low,0.444,1788874260381853,XGB_V3
CUST00650,0.8535,High,0.1786,1788874260381853,XGB_V3
CUST00666,0.8136,High,0.0746,1788874260381853,XGB_V3
CUST00682,0.5989,Medium,0.1604,1788874260381853,XGB_V3
CUST00698,0.1394,Low,0.3442,1788874260381853,XGB_V3
CUST00714,0.0858,Low,0.3657,1788874260381853,XGB_V3
CUST00730,0.6263,Medium,0.1495,1788874260381853,XGB_V3
CUST00746,0.4414,Medium,0.2234,1788874260381853,XGB_V3
CUST00762,0.906,High,0.0376,1788874260381853,XGB_V3
CUST00778,0.856,High,0.0576,1788874260381853,XGB_V3
CUST00794,0.378,Medium,0.2488,1788874260381853,XGB_V3
CUST00810,0.7624,High,0.095,1788874260381853,XGB_V3
CUST00826,0.2914,Low,0.2834,1788874260381853,XGB_V3
CUST00842,0.0938,Low,0.4825,1788874260381853,XGB_V3
CUST00858,0.8081,High,0.1968,1788874260381853,XGB_V3
CUST00874,0.4116,Medium,0.3554,1788874260381853,XGB_V3
CUST00890,0.7822,High,0.2071,1788874260381853,XGB_V3
CUST00906,0.1988,Low,0.3205,1788874260381853,XGB_V3
CUST00922,0.6681,High,0.1328,1788874260381853,XGB_V3
CUST00938,0.1102,Low,0.3559,1788874260381853,XGB_V3
CUST00954,0.1442,Low,0.3423,1788874260381853,XGB_V3
CUST00970,0.1871,Low,0.4452,1788874260381853,XGB_V3
CUST00986,0.1865,Low,0.3254,1788874260381853,XGB_V3
CUST00011,0.3893,Medium,0.2443,1788874260381853,XGB_V3
CUST00027,0.6708,High,0.1317,1788874260381853,XGB_V3
CUST00043,0.8356,High,0.1858,1788874260381853,XGB_V3
CUST00059,0.1736,Low,0.3306,1788874260381853,XGB_V3
CUST00075,0.3977,Medium,0.2409,1788874260381853,XGB_V3
CUST00091,0.8746,High,0.0502,1788874260381853,XGB_V3
CUST00107,0.8924,High,0.163,1788874260381853,XGB_V3
CUST00123,0.1211,Low,0.3516,1788874260381853,XGB_V3
CUST00139,0.7604,High,0.0958,1788874260381853,XGB_V3
CUST00155,0.6681,High,0.1328,1788874260381853,XGB_V3
CUST00171,0.2701,Low,0.292,1788874260381853,XGB_V3
CUST00187,0.8567,High,0.0573,1788874260381853,XGB_V3
CUST00203,0.5605,Medium,0.1758,1788874260381853,XGB_V3
CUST00219,0.727,High,0.1092,1788874260381853,XGB_V3
CUST00235,0.1974,Low,0.441,1788874260381853,XGB_V3
CUST00251,0.4349,Medium,0.346,1788874260381853,XGB_V3
CUST00267,0.8808,High,0.0477,1788874260381853,XGB_V3
CUST00283,0.4607,Medium,0.2157,1788874260381853,XGB_V3
CUST00299,0.1727,Low,0.4509,1788874260381853,XGB_V3
CUST00315,0.7387,High,0.1045,1788874260381853,XGB_V3
CUST00331,0.1476,Low,0.581,1788874260381853,XGB_V3
CUST00347,0.2184,Low,0.3126,1788874260381853,XGB_V3
CUST00363,0.0816,Low,0.3674,1788874260381853,XGB_V3
CUST00379,0.268,Low,0.2928,1788874260381853,XGB_V3
CUST00395,0.2446,Low,0.4222,1788874260381853,XGB_V3
CUST00411,0.8717,High,0.0513,1788874260381853,XGB_V3
CUST00427,0.598,Medium,0.1608,1788874260381853,XGB_V3
CUST00443,0.7599,High,0.096,1788874260381853,XGB_V3
CUST00459,0.3405,Low,0.2638,1788874260381853,XGB_V3
CUST00475,0.5803,Medium,0.1679,1788874260381853,XGB_V3
CUST00491,0.2197,Low,0.3121,1788874260381853,XGB_V3
CUST00507,0.0972,Low,0.3611,1788874260381853,XGB_V3
CUST00523,0.1016,Low,0.3594,1788874260381853,XGB_V3
CUST00539,0.7403,High,0.1039,1788874260381853,XGB_V3
CUST00555,0.1776,Low,0.449,1788874260381853,XGB_V3
CUST00571,0.7252,High,0.3499,1788874260381853,XGB_V3
CUST00587,0.6423,Medium,0.1431,1788874260381853,XGB_V3
CUST00603,0.1323,Low,0.3471,1788874260381853,XGB_V3
CUST00619,0.2665,Low,0.2934,1788874260381853,XGB_V3
CUST00635,0.1158,Low,0.3537,1788874260381853,XGB_V3
CUST00651,0.1151,Low,0.354,1788874260381853,XGB_V3
CUST00667,0.8816,High,0.2874,1788874260381853,XGB_V3
CUST00683,0.7235,High,0.1106,1788874260381853,XGB_V3
CUST00699,0.1997,Low,0.3201,1788874260381853,XGB_V3
CUST00715,0.2538,Low,0.4185,1788874260381853,XGB_V3
CUST00731,0.8382,High,0.0647,1788874260381853,XGB_V3
CUST00747,0.2205,Low,0.3118,1788874260381853,XGB_V3
CUST00763,0.4251,Medium,0.23,1788874260381853,XGB_V3
CUST00779,0.0869,Low,0.4852,1788874260381853,XGB_V3
CUST00795,0.1042,Low,0.3583,1788874260381853,XGB_V3
CUST00811,0.695,High,0.122,1788874260381853,XGB_V3
CUST00827,0.1432,Low,0.3427,1788874260381853,XGB_V3
CUST00843,0.1027,Low,0.3589,1788874260381853,XGB_V3
CUST00859,0.8524,High,0.059,1788874260381853,XGB_V3
CUST00875,0.8025,High,0.079,1788874260381853,XGB_V3
CUST00891,0.1659,Low,0.3336,1788874260381853,XGB_V3
CUST00907,0.3353,Low,0.2659,1788874260381853,XGB_V3
CUST00923,0.8592,High,0.1763,1788874260381853,XGB_V3
CUST00939,0.173,Low,0.3308,1788874260381853,XGB_V3
CUST00955,0.5257,Medium,0.1897,1788874260381853,XGB_V3
CUST00971,0.7886,High,0.0846,1788874260381853,XGB_V3
CUST00987,0.8635,High,0.0546,1788874260381853,XGB_V3
CUST00012,0.2356,Low,0.3058,1788874260381853,XGB_V3
CUST00028,0.2039,Low,0.3184,1788874260381853,XGB_V3
CUST00044,0.7987,High,0.2005,1788874260381853,XGB_V3
CUST00060,0.8163,High,0.1935,1788874260381853,XGB_V3
CUST00076,0.2658,Low,0.2937,1788874260381853,XGB_V3
CUST00092,0.1069,Low,0.3572,1788874260381853,XGB_V3
CUST00108,0.2584,Low,0.4166,1788874260381853,XGB_V3
CUST00124,0.8344,High,0.0662,1788874260381853,XGB_V3
CUST00140,0.1307,Low,0.4677,1788874260381853,XGB_V3
CUST00156,0.1525,Low,0.339,1788874260381853,XGB_V3
CUST00172,0.1298,Low,0.5881,1788874260381853,XGB_V3
CUST00188,0.2274,Low,0.309,1788874260381853,XGB_V3
CUST00204,0.1675,Low,0.333,1788874260381853,XGB_V3
CUST00220,0.7,High,0.12,1788874260381853,XGB_V3
CUST00236,0.6259,Medium,0.1496,1788874260381853,XGB_V3
CUST00252,0.6988,High,0.2405,1788874260381853,XGB_V3
CUST00268,0.8706,High,0.0518,1788874260381853,XGB_V3
CUST00284,0.0998,Low,0.4801,1788874260381853,XGB_V3
CUST00300,0.8773,High,0.0491,1788874260381853,XGB_V3
CUST00316,0.8145,High,0.1942,1788874260381853,XGB_V3
CUST00332,0.6416,Medium,0.1434,1788874260381853,XGB_V3
CUST00348,0.7343,High,0.1063,1788874260381853,XGB_V3
CUST00364,0.2008,Low,0.3197,1788874260381853,XGB_V3
CUST00380,0.3981,Medium,0.3608,1788874260381853,XGB_V3
CUST00396,0.1537,Low,0.3385,1788874260381853,XGB_V3
CUST00412,0.1324,Low,0.347,1788874260381853,XGB_V3
CUST00428,0.12,Low,0.352,1788874260381853,XGB_V3
CUST00444,0.2311,Low,0.3076,1788874260381853,XGB_V3
CUST00460,0.874,High,0.0504,1788874260381853,XGB_V3
CUST00476,0.8332,High,0.0667,1788874260381853,XGB_V3
CUST00492,0.816,High,0.0736,1788874260381853,XGB_V3
CUST00508,0.7987,High,0.0805,1788874260381853,XGB_V3
CUST00524,0.8305,High,0.0678,1788874260381853,XGB_V3
CUST00540,0.1138,Low,0.3545,1788874260381853,XGB_V3
CUST00556,0.0895,Low,0.3642,1788874260381853,XGB_V3
CUST00572,0.7224,High,0.111,1788874260381853,XGB_V3
CUST00588,0.9094,High,0.0362,1788874260381853,XGB_V3
CUST00604,0.647,Medium,0.1412,1788874260381853,XGB_V3
CUST00620,0.1977,Low,0.3209,1788874260381853,XGB_V3
CUST00636,0.1456,Low,0.5818,1788874260381853,XGB_V3
CUST00652,0.1778,Low,0.4489,1788874260381853,XGB_V3
CUST00668,0.1806,Low,0.3278,1788874260381853,XGB_V3
CUST00684,0.2248,Low,0.3101,1788874260381853,XGB_V3
CUST00700,0.1185,Low,0.3526,1788874260381853,XGB_V3
CUST00716,0.0915,Low,0.4834,1788874260381853,XGB_V3
CUST00732,0.1616,Low,0.3354,1788874260381853,XGB_V3
CUST00748,0.0972,Low,0.3611,1788874260381853,XGB_V3
CUST00764,0.0832,Low,0.3667,1788874260381853,XGB_V3
CUST00780,0.1703,Low,0.3319,1788874260381853,XGB_V3
CUST00796,0.0855,Low,0.4858,1788874260381853,XGB_V3
CUST00812,0.088,Low,0.3648,1788874260381853,XGB_V3
CUST00828,0.1265,Low,0.3494,1788874260381853,XGB_V3
CUST00844,0.7295,High,0.1082,1788874260381853,XGB_V3
CUST00860,0.7636,High,0.0946,1788874260381853,XGB_V3
CUST00876,0.2119,Low,0.4352,1788874260381853,XGB_V3
CUST00892,0.8201,High,0.432,1788874260381853,XGB_V3
CUST00908,0.7326,High,0.107,1788874260381853,XGB_V3
CUST00924,0.1299,Low,0.468,1788874260381853,XGB_V3
CUST00940,0.1886,Low,0.3246,1788874260381853,XGB_V3
CUST00956,0.085,Low,0.366,1788874260381853,XGB_V3
CUST00972,0.2455,Low,0.3018,1788874260381853,XGB_V3
CUST00988,0.1261,Low,0.3496,1788874260381853,XGB_V3
CUST00013,0.1437,Low,0.4625,1788874260381853,XGB_V3
CUST00029,0.0907,Low,0.4837,1788874260381853,XGB_V3
CUST00045,0.129,Low,0.4684,1788874260381853,XGB_V3
CUST00061,0.7471,High,0.1012,1788874260381853,XGB_V3
CUST00077,0.4901,Medium,0.204,1788874260381853,XGB_V3
CUST00093,0.7547,High,0.0981,1788874260381853,XGB_V3
CUST00109,0.2441,Low,0.3024,1788874260381853,XGB_V3
CUST00125,0.8406,High,0.0638,1788874260381853,XGB_V3
CUST00141,0.2949,Low,0.282,1788874260381853,XGB_V3
CUST00157,0.8211,High,0.0716,1788874260381853,XGB_V3
CUST00173,0.1867,Low,0.3253,1788874260381853,XGB_V3
CUST00189,0.0941,Low,0.6024,1788874260381853,XGB_V3
CUST00205,0.1398,Low,0.3441,1788874260381853,XGB_V3
CUST00221,0.8025,High,0.199,1788874260381853,XGB_V3
CUST00237,0.214,Low,0.3144,1788874260381853,XGB_V3
CUST00253,0.2147,Low,0.3141,1788874260381853,XGB_V3
CUST00269,0.8627,High,0.0549,1788874260381853,XGB_V3
CUST00285,0.6776,High,0.129,1788874260381853,XGB_V3
CUST00301,0.7559,High,0.2176,1788874260381853,XGB_V3
CUST00317,0.1401,Low,0.344,1788874260381853,XGB_V3
CUST00333,0.584,Medium,0.2864,1788874260381853,XGB_V3
CUST00349,0.8204,High,0.3118,1788874260381853,XGB_V3
CUST00365,0.4179,Medium,0.2328,1788874260381853,XGB_V3
CUST00381,0.7817,High,0.0873,1788874260381853,XGB_V3
CUST00397,0.2869,Low,0.4052,1788874260381853,XGB_V3
CUST00413,0.2712,Low,0.2915,1788874260381853,XGB_V3
CUST00429,0.6114,Medium,0.1554,1788874260381853,XGB_V3
CUST00445,0.1219,Low,0.3512,1788874260381853,XGB_V3
CUST00461,0.3781,Medium,0.2488,1788874260381853,XGB_V3
CUST00477,0.8723,High,0.2911,1788874260381853,XGB_V3
CUST00493,0.7662,High,0.2135,1788874260381853,XGB_V3
CUST00509,0.1013,Low,0.3595,1788874260381853,XGB_V3
CUST00525,0.887,High,0.0452,1788874260381853,XGB_V3
CUST00541,0.109,Low,0.4764,1788874260381853,XGB_V3
CUST00557,0.1101,Low,0.356,1788874260381853,XGB_V3
CUST00573,0.0931,Low,0.3628,1788874260381853,XGB_V3
CUST00589,0.0922,Low,0.3631,1788874260381853,XGB_V3
CUST00605,0.8512,High,0.0595,1788874260381853,XGB_V3
CUST00621,0.1342,Low,0.3463,1788874260381853,XGB_V3
CUST00637,0.7076,High,0.237,1788874260381853,XGB_V3
CUST00653,0.7731,High,0.0908,1788874260381853,XGB_V3
CUST00669,0.2054,Low,0.3178,1788874260381853,XGB_V3
CUST00685,0.164,Low,0.3344,1788874260381853,XGB_V3
CUST00701,0.7903,High,0.0839,1788874260381853,XGB_V3
CUST00717,0.7419,High,0.2232,1788874260381853,XGB_V3
CUST00733,0.1205,Low,0.3518,1788874260381853,XGB_V3
CUST00749,0.8417,High,0.0633,1788874260381853,XGB_V3
CUST00765,0.1594,Low,0.3362,1788874260381853,XGB_V3
CUST00781,0.1656,Low,0.3338,1788874260381853,XGB_V3
CUST00797,0.5529,Medium,0.1788,1788874260381853,XGB_V3
CUST00813,0.7807,High,0.0877,1788874260381853,XGB_V3
CUST00829,0.7793,High,0.0883,1788874260381853,XGB_V3
CUST00845,0.7712,High,0.0915,1788874260381853,XGB_V3
CUST00861,0.0867,Low,0.3653,1788874260381853,XGB_V3
CUST00877,0.8239,High,0.0704,1788874260381853,XGB_V3
CUST00893,0.7243,High,0.1103,1788874260381853,XGB_V3
CUST00909,0.5602,Medium,0.1759,1788874260381853,XGB_V3
CUST00925,0.1529,Low,0.3388,1788874260381853,XGB_V3
CUST00941,0.2503,Low,0.2999,1788874260381853,XGB_V3
CUST00957,0.8001,High,0.08,1788874260381853,XGB_V3
CUST00973,0.1454,Low,0.3418,1788874260381853,XGB_V3
CUST00989,0.1099,Low,0.356,1788874260381853,XGB_V3
CUST00014,0.1377,Low,0.3449,1788874260381853,XGB_V3
CUST00030,0.8477,High,0.0609,1788874260381853,XGB_V3
CUST00046,0.1858,Low,0.3257,1788874260381853,XGB_V3
CUST00062,0.8513,High,0.1795,1788874260381853,XGB_V3
CUST00078,0.624,Medium,0.1504,1788874260381853,XGB_V3
CUST00094,0.8905,High,0.0438,1788874260381853,XGB_V3
CUST00110,0.081,Low,0.4876,1788874260381853,XGB_V3
CUST00126,0.1323,Low,0.3471,1788874260381853,XGB_V3
CUST00142,0.8241,High,0.1904,1788874260381853,XGB_V3
CUST00158,0.6615,High,0.1354,1788874260381853,XGB_V3
CUST00174,0.5344,Medium,0.1862,1788874260381853,XGB_V3
CUST00190,0.1371,Low,0.3452,1788874260381853,XGB_V3
CUST00206,0.6418,Medium,0.1433,1788874260381853,XGB_V3
CUST00222,0.2934,Low,0.2826,1788874260381853,XGB_V3
CUST00238,0.1037,Low,0.3585,1788874260381853,XGB_V3
CUST00254,0.8589,High,0.0564,1788874260381853,XGB_V3
CUST00270,0.9032,High,0.0387,1788874260381853,XGB_V3
CUST00286,0.416,Medium,0.2336,1788874260381853,XGB_V3
CUST00302,0.5975,Medium,0.161,1788874260381853,XGB_V3
CUST00318,0.2427,Low,0.4229,1788874260381853,XGB_V3
CUST00334,0.3008,Low,0.2797,1788874260381853,XGB_V3
CUST00350,0.6124,Medium,0.155,1788874260381853,XGB_V3
CUST00366,0.1372,Low,0.3451,1788874260381853,XGB_V3
CUST00382,0.8032,High,0.0787,1788874260381853,XGB_V3
CUST00398,0.1659,Low,0.3336,1788874260381853,XGB_V3
CUST00414,0.1397,Low,0.4641,1788874260381853,XGB_V3
CUST00430,0.5863,Medium,0.1655,1788874260381853,XGB_V3
CUST00446,0.115,Low,0.474,1788874260381853,XGB_V3
CUST00462,0.3317,Low,0.2673,1788874260381853,XGB_V3
CUST00478,0.1489,Low,0.3404,1788874260381853,XGB_V3
CUST00494,0.4843,Medium,0.2063,1788874260381853,XGB_V3
CUST00510,0.096,Low,0.3616,1788874260381853,XGB_V3
CUST00526,0.2022,Low,0.3191,1788874260381853,XGB_V3
CUST00542,0.4424,Medium,0.223,1788874260381853,XGB_V3
CUST00558,0.6538,High,0.1385,1788874260381853,XGB_V3
CUST00574,0.1358,Low,0.4657,1788874260381853,XGB_V3
CUST00590,0.2447,Low,0.3021,1788874260381853,XGB_V3
CUST00606,0.3268,Low,0.3893,1788874260381853,XGB_V3
CUST00622,0.1039,Low,0.4784,1788874260381853,XGB_V3
CUST00638,0.6495,Medium,0.1402,1788874260381853,XGB_V3
CUST00654,0.8661,High,0.0536,1788874260381853,XGB_V3
CUST00670,0.1199,Low,0.352,1788874260381853,XGB_V3
CUST00686,0.6955,High,0.1218,1788874260381853,XGB_V3
CUST00702,0.1363,Low,0.3455,1788874260381853,XGB_V3
CUST00718,0.1173,Low,0.3531,1788874260381853,XGB_V3
CUST00734,0.8046,High,0.0782,1788874260381853,XGB_V3
CUST00750,0.1571,Low,0.4572,1788874260381853,XGB_V3
CUST00766,0.1782,Low,0.4487,1788874260381853,XGB_V3
CUST00782,0.8729,High,0.0508,1788874260381853,XGB_V3
CUST00798,0.8883,High,0.0447,1788874260381853,XGB_V3
CUST00814,0.8689,High,0.0524,1788874260381853,XGB_V3
CUST00830,0.2296,Low,0.3082,1788874260381853,XGB_V3
CUST00846,0.1311,Low,0.3476,1788874260381853,XGB_V3
CUST00862,0.8338,High,0.0665,1788874260381853,XGB_V3
CUST00878,0.7565,High,0.0974,1788874260381853,XGB_V3
CUST00894,0.8431,High,0.0628,1788874260381853,XGB_V3
CUST00910,0.7755,High,0.0898,1788874260381853,XGB_V3
CUST00926,0.109,Low,0.3564,1788874260381853,XGB_V3
CUST00942,0.1893,Low,0.3243,1788874260381853,XGB_V3
CUST00958,0.0976,Low,0.361,1788874260381853,XGB_V3
CUST00974,0.2177,Low,0.3129,1788874260381853,XGB_V3
CUST00990,0.8718,High,0.0513,1788874260381853,XGB_V3
CUST00015,0.6791,High,0.1284,1788874260381853,XGB_V3
CUST00031,0.5741,Medium,0.1704,1788874260381853,XGB_V3
CUST00047,0.1391,Low,0.3444,1788874260381853,XGB_V3
CUST00063,0.1098,Low,0.3561,1788874260381853,XGB_V3
CUST00079,0.2473,Low,0.3011,1788874260381853,XGB_V3
CUST00095,0.8877,High,0.0449,1788874260381853,XGB_V3
CUST00111,0.7338,High,0.1065,1788874260381853,XGB_V3
CUST00127,0.1065,Low,0.3574,1788874260381853,XGB_V3
CUST00143,0.1767,Low,0.4493,1788874260381853,XGB_V3
CUST00159,0.132,Low,0.3472,1788874260381853,XGB_V3
CUST00175,0.1077,Low,0.3569,1788874260381853,XGB_V3
CUST00191,0.1298,Low,0.3481,1788874260381853,XGB_V3
CUST00207,0.3629,Medium,0.2548,1788874260381853,XGB_V3
CUST00223,0.1362,Low,0.3455,1788874260381853,XGB_V3
CUST00239,0.5398,Medium,0.1841,1788874260381853,XGB_V3
CUST00255,0.1505,Low,0.3398,1788874260381853,XGB_V3
CUST00271,0.18,Low,0.328,1788874260381853,XGB_V3
CUST00287,0.1405,Low,0.4638,1788874260381853,XGB_V3
CUST00303,0.8441,High,0.0624,1788874260381853,XGB_V3
CUST00319,0.7639,High,0.0944,1788874260381853,XGB_V3
CUST00335,0.1259,Low,0.3496,1788874260381853,XGB_V3
CUST00351,0.4405,Medium,0.2238,1788874260381853,XGB_V3
CUST00367,0.7871,High,0.0852,1788874260381853,XGB_V3
CUST00383,0.8547,High,0.0581,1788874260381853,XGB_V3
CUST00399,0.17,Low,0.332,1788874260381853,XGB_V3
CUST00415,0.7416,High,0.1034,1788874260381853,XGB_V3
CUST00431,0.6258,Medium,0.1497,1788874260381853,XGB_V3
CUST00447,0.8532,High,0.0587,1788874260381853,XGB_V3
CUST00463,0.6393,Medium,0.1443,1788874260381853,XGB_V3
CUST00479,0.3392,Low,0.2643,1788874260381853,XGB_V3
CUST00495,0.8231,High,0.1908,1788874260381853,XGB_V3
CUST00511,0.1337,Low,0.3465,1788874260381853,XGB_V3
CUST00527,0.1073,Low,0.3571,1788874260381853,XGB_V3
CUST00543,0.5401,Medium,0.184,1788874260381853,XGB_V3
CUST00559,0.5122,Medium,0.1951,1788874260381853,XGB_V3
CUST00575,0.0905,Low,0.4838,1788874260381853,XGB_V3
CUST00591,0.1159,Low,0.3536,1788874260381853,XGB_V3
CUST00607,0.7133,High,0.2347,1788874260381853,XGB_V3
CUST00623,0.1354,Low,0.3458,1788874260381853,XGB_V3
CUST00639,0.1291,Low,0.3484,1788874260381853,XGB_V3
CUST00655,0.6821,High,0.1272,1788874260381853,XGB_V3
CUST00671,0.553,Medium,0.2988,1788874260381853,XGB_V3
CUST00687,0.2954,Low,0.2818,1788874260381853,XGB_V3
CUST00703,0.8578,High,0.0569,1788874260381853,XGB_V3
CUST00719,0.8683,High,0.0527,1788874260381853,XGB_V3
CUST00735,0.3079,Low,0.2768,1788874260381853,XGB_V3
CUST00751,0.2291,Low,0.3084,1788874260381853,XGB_V3
CUST00767,0.1684,Low,0.3326,1788874260381853,XGB_V3
CUST00783,0.2547,Low,0.2981,1788874260381853,XGB_V3
CUST00799,0.7985,High,0.0806,1788874260381853,XGB_V3
CUST00815,0.3176,Low,0.273,1788874260381853,XGB_V3
CUST00831,0.1342,Low,0.3463,1788874260381853,XGB_V3
CUST00847,0.1052,Low,0.3579,1788874260381853,XGB_V3
CUST00863,0.8739,High,0.0504,1788874260381853,XGB_V3
CUST00879,0.7238,High,0.1105,1788874260381853,XGB_V3
CUST00895,0.1806,Low,0.3278,1788874260381853,XGB_V3
CUST00911,0.8393,High,0.0643,1788874260381853,XGB_V3
CUST00927,0.7998,High,0.0801,1788874260381853,XGB_V3
CUST00943,0.1016,Low,0.3594,1788874260381853,XGB_V3
CUST00959,0.4466,Medium,0.2214,1788874260381853,XGB_V3
CUST00975,0.8609,High,0.0556,1788874260381853,XGB_V3
CUST00991,0.11,Low,0.476,1788874260381853,XGB_V3
CUST00016,0.1008,Low,0.3597,1788874260381853,XGB_V3
CUST00032,0.8244,High,0.1902,1788874260381853,XGB_V3
CUST00048,0.6386,Medium,0.1446,1788874260381853,XGB_V3
CUST00064,0.1755,Low,0.3298,1788874260381853,XGB_V3
CUST00080,0.8779,High,0.0488,1788874260381853,XGB_V3
CUST00096,0.4948,Medium,0.3221,1788874260381853,XGB_V3
CUST00112,0.3859,Medium,0.3656,1788874260381853,XGB_V3
CUST00128,0.8101,High,0.076,1788874260381853,XGB_V3
CUST00144,0.1475,Low,0.461,1788874260381853,XGB_V3
CUST00160,0.233,Low,0.3068,1788874260381853,XGB_V3
CUST00176,0.2962,Low,0.2815,1788874260381853,XGB_V3
CUST00192,0.4843,Medium,0.2063,1788874260381853,XGB_V3
CUST00208,0.7189,High,0.1124,1788874260381853,XGB_V3
CUST00224,0.0938,Low,0.3625,1788874260381853,XGB_V3
CUST00240,0.1666,Low,0.3334,1788874260381853,XGB_V3
CUST00256,0.3167,Low,0.2733,1788874260381853,XGB_V3
CUST00272,0.3028,Low,0.2789,1788874260381853,XGB_V3
CUST00288,0.8773,High,0.0491,1788874260381853,XGB_V3
CUST00304,0.8845,High,0.0462,1788874260381853,XGB_V3
CUST00320,0.3702,Medium,0.3719,1788874260381853,XGB_V3
CUST00336,0.8375,High,0.065,1788874260381853,XGB_V3
CUST00352,0.8543,High,0.0583,1788874260381853,XGB_V3
CUST00368,0.1132,Low,0.4747,1788874260381853,XGB_V3
CUST00384,0.7415,High,0.1034,1788874260381853,XGB_V3
CUST00400,0.7922,High,0.0831,1788874260381853,XGB_V3
CUST00416,0.6469,Medium,0.1412,1788874260381853,XGB_V3
CUST00432,0.1587,Low,0.3365,1788874260381853,XGB_V3
CUST00448,0.1779,Low,0.3288,1788874260381853,XGB_V3
CUST00464,0.1276,Low,0.469,1788874260381853,XGB_V3
CUST00480,0.0913,Low,0.4835,1788874260381853,XGB_V3
CUST00496,0.0837,Low,0.6065,1788874260381853,XGB_V3
CUST00512,0.2756,Low,0.2898,1788874260381853,XGB_V3
CUST00528,0.1656,Low,0.3338,1788874260381853,XGB_V3
CUST00544,0.1438,Low,0.5825,1788874260381853,XGB_V3
CUST00560,0.8016,High,0.0794,1788874260381853,XGB_V3
CUST00576,0.8404,High,0.0638,1788874260381853,XGB_V3
CUST00592,0.7431,High,0.2228,1788874260381853,XGB_V3
CUST00608,0.2584,Low,0.4166,1788874260381853,XGB_V3
CUST00624,0.1345,Low,0.3462,1788874260381853,XGB_V3
CUST00640,0.2389,Low,0.3044,1788874260381853,XGB_V3
CUST00656,0.5576,Medium,0.177,1788874260381853,XGB_V3
CUST00672,0.4498,Medium,0.2201,1788874260381853,XGB_V3
CUST00688,0.1026,Low,0.359,1788874260381853,XGB_V3
CUST00704,0.1124,Low,0.595,1788874260381853,XGB_V3
CUST00720,0.1295,Low,0.3482,1788874260381853,XGB_V3
CUST00736,0.1322,Low,0.3471,1788874260381853,XGB_V3
CUST00752,0.1039,Low,0.3584,1788874260381853,XGB_V3
CUST00768,0.1504,Low,0.3398,1788874260381853,XGB_V3
CUST00784,0.5864,Medium,0.1654,1788874260381853,XGB_V3
CUST00800,0.8241,High,0.0704,1788874260381853,XGB_V3
CUST00816,0.8087,High,0.0765,1788874260381853,XGB_V3
CUST00832,0.1461,Low,0.3416,1788874260381853,XGB_V3
CUST00848,0.1673,Low,0.3331,1788874260381853,XGB_V3
CUST00864,0.1336,Low,0.3466,1788874260381853,XGB_V3
CUST00880,0.8209,High,0.0716,1788874260381853,XGB_V3
CUST00896,0.3808,Medium,0.2477,1788874260381853,XGB_V3
CUST00912,0.5587,Medium,0.1765,1788874260381853,XGB_V3
CUST00928,0.8158,High,0.0737,1788874260381853,XGB_V3
CUST00944,0.1032,Low,0.3587,1788874260381853,XGB_V3
CUST00960,0.6596,High,0.1362,1788874260381853,XGB_V3
CUST00976,0.6952,High,0.1219,1788874260381853,XGB_V3
CUST00992,0.2052,Low,0.4379,1788874260381853,XGB_V3
CUST00001,0.5765,Medium,0.4094,1788874260381853,XGB_V3
CUST00017,0.8768,High,0.0493,1788874260381853,XGB_V3
CUST00033,0.1222,Low,0.3511,1788874260381853,XGB_V3
CUST00049,0.7964,High,0.0814,1788874260381853,XGB_V3
CUST00065,0.8093,High,0.0763,1788874260381853,XGB_V3
CUST00081,0.8451,High,0.062,1788874260381853,XGB_V3
CUST00097,0.8492,High,0.0603,1788874260381853,XGB_V3
CUST00113,0.7358,High,0.1057,1788874260381853,XGB_V3
CUST00129,0.1544,Low,0.3382,1788874260381853,XGB_V3
CUST00145,0.0907,Low,0.3637,1788874260381853,XGB_V3
CUST00161,0.1851,Low,0.326,1788874260381853,XGB_V3
CUST00177,0.7473,High,0.1011,1788874260381853,XGB_V3
CUST00193,0.5668,Medium,0.1733,1788874260381853,XGB_V3
CUST00209,0.1013,Low,0.4795,1788874260381853,XGB_V3
CUST00225,0.697,High,0.1212,1788874260381853,XGB_V3
CUST00241,0.8089,High,0.0764,1788874260381853,XGB_V3
CUST00257,0.1338,Low,0.3465,1788874260381853,XGB_V3
CUST00273,0.89,High,0.044,1788874260381853,XGB_V3
CUST00289,0.1599,Low,0.336,1788874260381853,XGB_V3
CUST00305,0.7234,High,0.2306,1788874260381853,XGB_V3
CUST00321,0.2521,Low,0.2992,1788874260381853,XGB_V3
CUST00337,0.1643,Low,0.3343,1788874260381853,XGB_V3
CUST00353,0.8666,High,0.0534,1788874260381853,XGB_V3
CUST00369,0.1528,Low,0.3389,1788874260381853,XGB_V3
CUST00385,0.1485,Low,0.3406,1788874260381853,XGB_V3
CUST00401,0.2103,Low,0.3159,1788874260381853,XGB_V3
CUST00417,0.3634,Medium,0.3746,1788874260381853,XGB_V3
CUST00433,0.1408,Low,0.3437,1788874260381853,XGB_V3
CUST00449,0.1359,Low,0.3456,1788874260381853,XGB_V3
CUST00465,0.1147,Low,0.3541,1788874260381853,XGB_V3
CUST00481,0.1038,Low,0.4785,1788874260381853,XGB_V3
CUST00497,0.8873,High,0.0451,1788874260381853,XGB_V3
CUST00513,0.8928,High,0.0429,1788874260381853,XGB_V3
CUST00529,0.146,Low,0.3416,1788874260381853,XGB_V3
CUST00545,0.1116,Low,0.3554,1788874260381853,XGB_V3
CUST00561,0.7663,High,0.0935,1788874260381853,XGB_V3
CUST00577,0.3745,Medium,0.2502,1788874260381853,XGB_V3
CUST00593,0.2234,Low,0.4306,1788874260381853,XGB_V3
CUST00609,0.1734,Low,0.3306,1788874260381853,XGB_V3
CUST00625,0.3718,Medium,0.2513,1788874260381853,XGB_V3
CUST00641,0.1501,Low,0.34,1788874260381853,XGB_V3
CUST00657,0.8658,High,0.0537,1788874260381853,XGB_V3
CUST00673,0.0993,Low,0.6003,1788874260381853,XGB_V3
CUST00689,0.3453,Low,0.2619,1788874260381853,XGB_V3
CUST00705,0.8363,High,0.0655,1788874260381853,XGB_V3
CUST00721,0.8076,High,0.077,1788874260381853,XGB_V3
CUST00737,0.8445,High,0.0622,1788874260381853,XGB_V3
CUST00753,0.1618,Low,0.3353,1788874260381853,XGB_V3
CUST00769,0.4272,Medium,0.2291,1788874260381853,XGB_V3
CUST00785,0.2466,Low,0.4214,1788874260381853,XGB_V3
CUST00801,0.566,Medium,0.1736,1788874260381853,XGB_V3
CUST00817,0.1616,Low,0.3354,1788874260381853,XGB_V3
CUST00833,0.8304,High,0.1878,1788874260381853,XGB_V3
CUST00849,0.8214,High,0.1914,1788874260381853,XGB_V3
CUST00865,0.6423,Medium,0.2631,1788874260381853,XGB_V3
CUST00881,0.1574,Low,0.337,1788874260381853,XGB_V3
CUST00897,0.1234,Low,0.3506,1788874260381853,XGB_V3
CUST00913,0.6612,High,0.1355,1788874260381853,XGB_V3
CUST00929,0.2389,Low,0.3044,1788874260381853,XGB_V3
CUST00945,0.818,High,0.0728,1788874260381853,XGB_V3
CUST00961,0.1294,Low,0.3482,1788874260381853,XGB_V3
CUST00977,0.1745,Low,0.3302,1788874260381853,XGB_V3
CUST00993,0.7514,High,0.0994,1788874260381853,XGB_V3
CUST00002,0.8337,High,0.0665,1788874260381853,XGB_V3
CUST00018,0.6508,High,0.2597,1788874260381853,XGB_V3
CUST00034,0.6505,High,0.1398,1788874260381853,XGB_V3
CUST00050,0.115,Low,0.354,1788874260381853,XGB_V3
CUST00066,0.1056,Low,0.3578,1788874260381853,XGB_V3
CUST00082,0.1882,Low,0.3247,1788874260381853,XGB_V3
CUST00098,0.4327,Medium,0.2269,1788874260381853,XGB_V3
CUST00114,0.0922,Low,0.4831,1788874260381853,XGB_V3
CUST00130,0.1267,Low,0.3493,1788874260381853,XGB_V3
CUST00146,0.8422,High,0.0631,1788874260381853,XGB_V3
CUST00162,0.2441,Low,0.3024,1788874260381853,XGB_V3
CUST00178,0.099,Low,0.3604,1788874260381853,XGB_V3
CUST00194,0.1713,Low,0.3315,1788874260381853,XGB_V3
CUST00210,0.2359,Low,0.3056,1788874260381853,XGB_V3
CUST00226,0.1211,Low,0.3516,1788874260381853,XGB_V3
CUST00242,0.8632,High,0.0547,1788874260381853,XGB_V3
CUST00258,0.2366,Low,0.3054,1788874260381853,XGB_V3
CUST00274,0.1991,Low,0.3204,1788874260381853,XGB_V3
CUST00290,0.1321,Low,0.3472,1788874260381853,XGB_V3
CUST00306,0.2051,Low,0.318,1788874260381853,XGB_V3
CUST00322,0.1935,Low,0.3226,1788874260381853,XGB_V3
CUST00338,0.4842,Medium,0.2063,1788874260381853,XGB_V3
CUST00354,0.7549,High,0.098,1788874260381853,XGB_V3
CUST00370,0.4472,Medium,0.2211,1788874260381853,XGB_V3
CUST00386,0.1411,Low,0.3436,1788874260381853,XGB_V3
CUST00402,0.4241,Medium,0.2304,1788874260381853,XGB_V3
CUST00418,0.6298,Medium,0.1481,1788874260381853,XGB_V3
CUST00434,0.1231,Low,0.3508,1788874260381853,XGB_V3
CUST00450,0.253,Low,0.2988,1788874260381853,XGB_V3
CUST00466,0.8335,High,0.0666,1788874260381853,XGB_V3
CUST00482,0.1589,Low,0.3364,1788874260381853,XGB_V3
CUST00498,0.328,Low,0.2688,1788874260381853,XGB_V3
CUST00514,0.1225,Low,0.471,1788874260381853,XGB_V3
CUST00530,0.2326,Low,0.307,1788874260381853,XGB_V3
CUST00546,0.13,Low,0.348,1788874260381853,XGB_V3
CUST00562,0.4384,Medium,0.2246,1788874260381853,XGB_V3
CUST00578,0.1421,Low,0.3432,1788874260381853,XGB_V3
CUST00594,0.6282,Medium,0.2687,1788874260381853,XGB_V3
CUST00610,0.6256,Medium,0.1498,1788874260381853,XGB_V3
CUST00626,0.502,Medium,0.1992,1788874260381853,XGB_V3
CUST00642,0.111,Low,0.3556,1788874260381853,XGB_V3
CUST00658,0.8814,High,0.0474,1788874260381853,XGB_V3
CUST00674,0.1544,Low,0.3382,1788874260381853,XGB_V3
CUST00690,0.0972,Low,0.4811,1788874260381853,XGB_V3
CUST00706,0.5848,Medium,0.1661,1788874260381853,XGB_V3
CUST00722,0.9156,High,0.0338,1788874260381853,XGB_V3
CUST00738,0.8178,High,0.0729,1788874260381853,XGB_V3
CUST00754,0.6754,High,0.2498,1788874260381853,XGB_V3
CUST00770,0.1737,Low,0.4505,1788874260381853,XGB_V3
CUST00786,0.7478,High,0.3409,1788874260381853,XGB_V3
CUST00802,0.5842,Medium,0.1663,1788874260381853,XGB_V3
CUST00818,0.3088,Low,0.2765,1788874260381853,XGB_V3
CUST00834,0.2453,Low,0.3019,1788874260381853,XGB_V3
CUST00850,0.1514,Low,0.3394,1788874260381853,XGB_V3
CUST00866,0.7827,High,0.2069,1788874260381853,XGB_V3
CUST00882,0.6122,Medium,0.1551,1788874260381853,XGB_V3
CUST00898,0.8949,High,0.042,1788874260381853,XGB_V3
CUST00914,0.101,Low,0.4796,1788874260381853,XGB_V3
CUST00930,0.0942,Low,0.4823,1788874260381853,XGB_V3
CUST00946,0.105,Low,0.358,1788874260381853,XGB_V3
CUST00962,0.1772,Low,0.3291,1788874260381853,XGB_V3
CUST00978,0.1042,Low,0.4783,1788874260381853,XGB_V3
CUST00994,0.4215,Medium,0.2314,1788874260381853,XGB_V3
CUST00003,0.4969,Medium,0.3212,1788874260381853,XGB_V3
CUST00019,0.1125,Low,0.355,1788874260381853,XGB_V3
CUST00035,0.6643,High,0.3743,1788874260381853,XGB_V3
CUST00051,0.1993,Low,0.3203,1788874260381853,XGB_V3
CUST00067,0.2192,Low,0.3123,1788874260381853,XGB_V3
CUST00083,0.1122,Low,0.4751,1788874260381853,XGB_V3
CUST00099,0.1361,Low,0.3456,1788874260381853,XGB_V3
CUST00115,0.3899,Medium,0.364,1788874260381853,XGB_V3
CUST00131,0.398,Medium,0.2408,1788874260381853,XGB_V3
CUST00147,0.1712,Low,0.3315,1788874260381853,XGB_V3
CUST00163,0.8327,High,0.0669,1788874260381853,XGB_V3
CUST00179,0.1271,Low,0.3492,1788874260381853,XGB_V3
CUST00195,0.608,Medium,0.1568,1788874260381853,XGB_V3
CUST00211,0.2771,Low,0.2892,1788874260381853,XGB_V3
CUST00227,0.0888,Low,0.4845,1788874260381853,XGB_V3
CUST00243,0.0924,Low,0.363,1788874260381853,XGB_V3
CUST00259,0.2812,Low,0.2875,1788874260381853,XGB_V3
CUST00275,0.3281,Low,0.2688,1788874260381853,XGB_V3
CUST00291,0.1275,Low,0.349,1788874260381853,XGB_V3
CUST00307,0.2682,Low,0.2927,1788874260381853,XGB_V3
CUST00323,0.2791,Low,0.2884,1788874260381853,XGB_V3
CUST00339,0.2565,Low,0.4174,1788874260381853,XGB_V3
CUST00355,0.704,High,0.1184,1788874260381853,XGB_V3
CUST00371,0.7696,High,0.0922,1788874260381853,XGB_V3
CUST00387,0.886,High,0.0456,1788874260381853,XGB_V3
CUST00403,0.5675,Medium,0.173,1788874260381853,XGB_V3
CUST00419,0.6106,Medium,0.1558,1788874260381853,XGB_V3
CUST00435,0.8738,High,0.0505,1788874260381853,XGB_V3
CUST00451,0.2621,Low,0.2952,1788874260381853,XGB_V3
CUST00467,0.1249,Low,0.35,1788874260381853,XGB_V3
CUST00483,0.8391,High,0.0644,1788874260381853,XGB_V3
CUST00499,0.1212,Low,0.3515,1788874260381853,XGB_V3
CUST00515,0.6223,Medium,0.1511,1788874260381853,XGB_V3
CUST00531,0.109,Low,0.3564,1788874260381853,XGB_V3
CUST00547,0.1293,Low,0.4683,1788874260381853,XGB_V3
CUST00563,0.1239,Low,0.3504,1788874260381853,XGB_V3
CUST00579,0.4311,Medium,0.2276,1788874260381853,XGB_V3
CUST00595,0.1456,Low,0.3418,1788874260381853,XGB_V3
CUST00611,0.1505,Low,0.3398,1788874260381853,XGB_V3
CUST00627,0.735,High,0.106,1788874260381853,XGB_V3
CUST00643,0.0848,Low,0.4861,1788874260381853,XGB_V3
CUST00659,0.1101,Low,0.476,1788874260381853,XGB_V3
CUST00675,0.1232,Low,0.4707,1788874260381853,XGB_V3
CUST00691,0.1837,Low,0.3265,1788874260381853,XGB_V3
CUST00707,0.1006,Low,0.3598,1788874260381853,XGB_V3
CUST00723,0.6821,High,0.1272,1788874260381853,XGB_V3
CUST00739,0.8832,High,0.0467,1788874260381853,XGB_V3
CUST00755,0.7745,High,0.0902,1788874260381853,XGB_V3
CUST00771,0.6498,Medium,0.3801,1788874260381853,XGB_V3
CUST00787,0.144,Low,0.3424,1788874260381853,XGB_V3
CUST00803,0.3601,Medium,0.256,1788874260381853,XGB_V3
CUST00819,0.1181,Low,0.3528,1788874260381853,XGB_V3
CUST00835,0.7772,High,0.0891,1788874260381853,XGB_V3
CUST00851,0.8603,High,0.0559,1788874260381853,XGB_V3
CUST00867,0.119,Low,0.3524,1788874260381853,XGB_V3
CUST00883,0.1482,Low,0.3407,1788874260381853,XGB_V3
CUST00899,0.2815,Low,0.2874,1788874260381853,XGB_V3
CUST00915,0.1517,Low,0.3393,1788874260381853,XGB_V3
CUST00931,0.1312,Low,0.3475,1788874260381853,XGB_V3
CUST00947,0.1497,Low,0.3401,1788874260381853,XGB_V3
CUST00963,0.8318,High,0.0673,1788874260381853,XGB_V3
CUST00979,0.1303,Low,0.3479,1788874260381853,XGB_V3
CUST00995,0.8326,High,0.067,1788874260381853,XGB_V3
