LOG_DATE,URGENT_COUNT,HIGH_COUNT,MEDIUM_COUNT,LOW_COUNT,AVG_CHURN_RISK,LTV_AT_RISK
2026-09-08,189,44,193,574,0.4291,1766078.27
2026-09-07,190,44,193,573,0.4293,1778252.42
2026-09-05,190,44,193,573,0.4294,1778252.42
2026-09-04,190,44,193,573,0.4295,1778252.42
2026-09-04,190,44,193,573,0.4295,1778252.42
2026-09-02,190,44,193,573,0.4296,1778252.42
2026-09-02,190,44,193,573,0.4296,1778252.42
2026-09-01,190,44,193,573,0.4296,1745175.79
2026-09-01,190,44,193,573,0.4296,1745175.79
2026-08-30,190,44,193,573,0.4298,1740731.56
2026-08-29,190,44,193,573,0.4298,1740731.56
2026-08-28,190,44,193,573,0.43,1752170.17
2026-08-28,190,44,193,573,0.43,1752170.17
2026-08-29,190,44,193,573,0.4298,1740731.56
2026-08-30,190,44,193,573,0.4298,1740731.56
2026-08-31,190,44,193,573,0.4298,1745175.79
2026-08-31,190,44,193,573,0.4298,1745175.79
2026-09-03,190,44,193,573,0.4295,1778252.42
2026-09-03,190,44,193,573,0.4295,1778252.42
2026-09-05,190,44,193,573,0.4294,1778252.42
2026-09-06,190,44,193,573,0.4293,1778252.42
2026-09-06,190,44,193,573,0.4293,1778252.42
2026-09-07,190,44,193,573,0.4293,1778252.42
2026-09-08,189,44,193,574,0.4291,1766078.27
