"CUSTOMER_ID","CHURN_RISK_SCORE","CHURN_RISK_LABEL","SCORED_AT","CHURNED_ACTUAL","CHURN_PRED_BINARY"
"CUST00001",0.2206,"Low",1787821553984633,0,0
"CUST00002",0.206,"Low",1787821553984633,0,0
"CUST00003",0.2123,"Low",1787821553984633,0,0
"CUST00004",0.1173,"Low",1787821553984633,0,0
"CUST00005",0.114,"Low",1787821553984633,0,0
"CUST00006",0.2604,"Low",1787821553984633,0,0
"CUST00007",0.3465,"Low",1787821553984633,0,0
"CUST00008",0.2035,"Low",1787821553984633,0,0
"CUST00009",0.179,"Low",1787821553984633,0,0
"CUST00010",0.2266,"Low",1787821553984633,0,0
"CUST00011",0.2579,"Low",1787821553984633,0,0
"CUST00012",0.0615,"Low",1787821553984633,0,0
"CUST00013",0.0105,"Low",1787821553984633,0,0
"CUST00014",0.1045,"Low",1787821553984633,0,0
"CUST00015",0.1088,"Low",1787821553984633,0,0
"CUST00016",0.074,"Low",1787821553984633,0,0
"CUST00017",0.0501,"Low",1787821553984633,0,0
"CUST00018",0.1815,"Low",1787821553984633,0,0
"CUST00019",0.2551,"Low",1787821553984633,0,0
"CUST00020",0.1702,"Low",1787821553984633,0,0
"CUST00021",0.148,"Low",1787821553984633,0,0
"CUST00022",0.1208,"Low",1787821553984633,0,0
"CUST00023",0.2715,"Low",1787821553984633,1,0
"CUST00024",0.2626,"Low",1787821553984633,0,0
"CUST00025",0.05,"Low",1787821553984633,0,0
"CUST00026",0.384,"Medium",1787821553984633,1,0
"CUST00027",0.1519,"Low",1787821553984633,0,0
"CUST00028",0.3435,"Low",1787821553984633,1,0
"CUST00029",0.0215,"Low",1787821553984633,0,0
"CUST00030",0.4205,"Medium",1787821553984633,1,0
"CUST00031",0.1487,"Low",1787821553984633,0,0
"CUST00032",0.3536,"Medium",1787821553984633,1,0
"CUST00033",0.136,"Low",1787821553984633,0,0
"CUST00034",0.265,"Low",1787821553984633,1,0
"CUST00035",0.0643,"Low",1787821553984633,0,0
"CUST00036",0.19,"Low",1787821553984633,0,0
"CUST00037",0.1732,"Low",1787821553984633,0,0
"CUST00038",0.1716,"Low",1787821553984633,0,0
"CUST00039",0.095,"Low",1787821553984633,0,0
"CUST00040",0.303,"Low",1787821553984633,1,0
"CUST00041",0.157,"Low",1787821553984633,0,0
"CUST00042",0.0705,"Low",1787821553984633,0,0
"CUST00043",0.0885,"Low",1787821553984633,0,0
"CUST00044",0.2345,"Low",1787821553984633,0,0
"CUST00045",0.076,"Low",1787821553984633,0,0
"CUST00046",0.0957,"Low",1787821553984633,0,0
"CUST00047",0.0625,"Low",1787821553984633,0,0
"CUST00048",0.3545,"Medium",1787821553984633,1,0
"CUST00049",0.0535,"Low",1787821553984633,0,0
"CUST00050",0.1515,"Low",1787821553984633,0,0
"CUST00051",0.03,"Low",1787821553984633,0,0
"CUST00052",0.016,"Low",1787821553984633,0,0
"CUST00053",0.342,"Low",1787821553984633,0,0
"CUST00054",0.076,"Low",1787821553984633,0,0
"CUST00055",0.085,"Low",1787821553984633,0,0
"CUST00056",0.196,"Low",1787821553984633,0,0
"CUST00057",0.147,"Low",1787821553984633,0,0
"CUST00058",0.0857,"Low",1787821553984633,0,0
"CUST00059",0.1468,"Low",1787821553984633,0,0
"CUST00060",0.1583,"Low",1787821553984633,0,0
"CUST00061",0.1675,"Low",1787821553984633,0,0
"CUST00062",0.1732,"Low",1787821553984633,0,0
"CUST00063",0.0645,"Low",1787821553984633,0,0
"CUST00064",0.0693,"Low",1787821553984633,0,0
"CUST00065",0.1355,"Low",1787821553984633,0,0
"CUST00066",0.157,"Low",1787821553984633,0,0
"CUST00067",0.3535,"Medium",1787821553984633,1,0
"CUST00068",0.031,"Low",1787821553984633,0,0
"CUST00069",0.09,"Low",1787821553984633,0,0
"CUST00070",0.2306,"Low",1787821553984633,0,0
"CUST00071",0.1158,"Low",1787821553984633,0,0
"CUST00072",0.0495,"Low",1787821553984633,0,0
"CUST00073",0.0722,"Low",1787821553984633,0,0
"CUST00074",0.0945,"Low",1787821553984633,0,0
"CUST00075",0.226,"Low",1787821553984633,0,0
"CUST00076",0.1275,"Low",1787821553984633,0,0
"CUST00077",0.0491,"Low",1787821553984633,0,0
"CUST00078",0.2735,"Low",1787821553984633,1,0
"CUST00079",0.2701,"Low",1787821553984633,0,0
"CUST00080",0.369,"Medium",1787821553984633,1,0
"CUST00081",0.138,"Low",1787821553984633,0,0
"CUST00082",0.2358,"Low",1787821553984633,0,0
"CUST00083",0.0791,"Low",1787821553984633,0,0
"CUST00084",0.1225,"Low",1787821553984633,0,0
"CUST00085",0.165,"Low",1787821553984633,0,0
"CUST00086",0.1175,"Low",1787821553984633,0,0
"CUST00087",0.1521,"Low",1787821553984633,0,0
"CUST00088",0.2614,"Low",1787821553984633,0,0
"CUST00089",0.2822,"Low",1787821553984633,0,0
"CUST00090",0.2977,"Low",1787821553984633,1,0
"CUST00091",0.1005,"Low",1787821553984633,0,0
"CUST00092",0.209,"Low",1787821553984633,0,0
"CUST00093",0.191,"Low",1787821553984633,0,0
"CUST00094",0.1073,"Low",1787821553984633,0,0
"CUST00095",0.2705,"Low",1787821553984633,1,0
"CUST00096",0.141,"Low",1787821553984633,0,0
"CUST00097",0.332,"Low",1787821553984633,1,0
"CUST00098",0.1135,"Low",1787821553984633,0,0
"CUST00099",0.142,"Low",1787821553984633,0,0
"CUST00100",0.0633,"Low",1787821553984633,0,0
"CUST00101",0.24,"Low",1787821553984633,0,0
"CUST00102",0.2015,"Low",1787821553984633,0,0
"CUST00103",0.3011,"Low",1787821553984633,0,0
"CUST00104",0.062,"Low",1787821553984633,0,0
"CUST00105",0.3175,"Low",1787821553984633,1,0
"CUST00106",0.0428,"Low",1787821553984633,0,0
"CUST00107",0.2032,"Low",1787821553984633,0,0
"CUST00108",0.1471,"Low",1787821553984633,0,0
"CUST00109",0.0999,"Low",1787821553984633,0,0
"CUST00110",0.1425,"Low",1787821553984633,0,0
"CUST00111",0.112,"Low",1787821553984633,0,0
"CUST00112",0.1672,"Low",1787821553984633,0,0
"CUST00113",0.1585,"Low",1787821553984633,0,0
"CUST00114",0.086,"Low",1787821553984633,0,0
"CUST00115",0.169,"Low",1787821553984633,0,0
"CUST00116",0.2595,"Low",1787821553984633,1,0
"CUST00117",0.2046,"Low",1787821553984633,0,0
"CUST00118",0.029,"Low",1787821553984633,0,0
"CUST00119",0.1702,"Low",1787821553984633,0,0
"CUST00120",0.0795,"Low",1787821553984633,0,0
"CUST00121",0.1525,"Low",1787821553984633,0,0
"CUST00122",0.2065,"Low",1787821553984633,0,0
"CUST00123",0.155,"Low",1787821553984633,0,0
"CUST00124",0.091,"Low",1787821553984633,0,0
"CUST00125",0.1843,"Low",1787821553984633,0,0
"CUST00126",0.1367,"Low",1787821553984633,0,0
"CUST00127",0.1166,"Low",1787821553984633,0,0
"CUST00128",0.1003,"Low",1787821553984633,0,0
"CUST00129",0.0555,"Low",1787821553984633,0,0
"CUST00130",0.065,"Low",1787821553984633,0,0
"CUST00131",0.2163,"Low",1787821553984633,0,0
"CUST00132",0.171,"Low",1787821553984633,0,0
"CUST00133",0.098,"Low",1787821553984633,0,0
"CUST00134",0.022,"Low",1787821553984633,0,0
"CUST00135",0.3115,"Low",1787821553984633,1,0
"CUST00136",0.1525,"Low",1787821553984633,0,0
"CUST00137",0.1515,"Low",1787821553984633,0,0
"CUST00138",0.2342,"Low",1787821553984633,0,0
"CUST00139",0.321,"Low",1787821553984633,1,0
"CUST00140",0.236,"Low",1787821553984633,0,0
"CUST00141",0.105,"Low",1787821553984633,0,0
"CUST00142",0.2565,"Low",1787821553984633,0,0
"CUST00143",0.181,"Low",1787821553984633,0,0
"CUST00144",0.1874,"Low",1787821553984633,0,0
"CUST00145",0.0515,"Low",1787821553984633,0,0
"CUST00146",0.1653,"Low",1787821553984633,0,0
"CUST00147",0.2005,"Low",1787821553984633,0,0
"CUST00148",0.304,"Low",1787821553984633,1,0
"CUST00149",0.1245,"Low",1787821553984633,0,0
"CUST00150",0.0555,"Low",1787821553984633,0,0
"CUST00151",0.1894,"Low",1787821553984633,0,0
"CUST00152",0.2861,"Low",1787821553984633,1,0
"CUST00153",0.1098,"Low",1787821553984633,0,0
"CUST00154",0.095,"Low",1787821553984633,0,0
"CUST00155",0.0482,"Low",1787821553984633,0,0
"CUST00156",0.048,"Low",1787821553984633,0,0
"CUST00157",0.2762,"Low",1787821553984633,0,0
"CUST00158",0.303,"Low",1787821553984633,1,0
"CUST00159",0.1365,"Low",1787821553984633,0,0
"CUST00160",0.1221,"Low",1787821553984633,0,0
"CUST00161",0.0785,"Low",1787821553984633,0,0
"CUST00162",0.3345,"Low",1787821553984633,1,0
"CUST00163",0.4217,"Medium",1787821553984633,1,0
"CUST00164",0.0855,"Low",1787821553984633,0,0
"CUST00165",0.3183,"Low",1787821553984633,1,0
"CUST00166",0.1915,"Low",1787821553984633,0,0
"CUST00167",0.1541,"Low",1787821553984633,0,0
"CUST00168",0.083,"Low",1787821553984633,0,0
"CUST00169",0.004,"Low",1787821553984633,0,0
"CUST00170",0.0455,"Low",1787821553984633,0,0
"CUST00171",0.3186,"Low",1787821553984633,1,0
"CUST00172",0.2119,"Low",1787821553984633,0,0
"CUST00173",0.1141,"Low",1787821553984633,0,0
"CUST00174",0.2769,"Low",1787821553984633,1,0
"CUST00175",0.491,"Medium",1787821553984633,1,0
"CUST00176",0.2217,"Low",1787821553984633,0,0
"CUST00177",0.1676,"Low",1787821553984633,0,0
"CUST00178",0.3221,"Low",1787821553984633,1,0
"CUST00179",0.0305,"Low",1787821553984633,0,0
"CUST00180",0.0803,"Low",1787821553984633,0,0
"CUST00181",0.0905,"Low",1787821553984633,0,0
"CUST00182",0.1536,"Low",1787821553984633,0,0
"CUST00183",0.1505,"Low",1787821553984633,0,0
"CUST00184",0.077,"Low",1787821553984633,0,0
"CUST00185",0.1319,"Low",1787821553984633,0,0
"CUST00186",0.1977,"Low",1787821553984633,0,0
"CUST00187",0.2746,"Low",1787821553984633,0,0
"CUST00188",0.0665,"Low",1787821553984633,0,0
"CUST00189",0.037,"Low",1787821553984633,0,0
"CUST00190",0.068,"Low",1787821553984633,0,0
"CUST00191",0.054,"Low",1787821553984633,0,0
"CUST00192",0.2195,"Low",1787821553984633,0,0
"CUST00193",0.0759,"Low",1787821553984633,0,0
"CUST00194",0.1679,"Low",1787821553984633,0,0
"CUST00195",0.1351,"Low",1787821553984633,0,0
"CUST00196",0.2793,"Low",1787821553984633,0,0
"CUST00197",0.0955,"Low",1787821553984633,0,0
"CUST00198",0.1088,"Low",1787821553984633,0,0
"CUST00199",0.1414,"Low",1787821553984633,0,0
"CUST00200",0.303,"Low",1787821553984633,0,0
"CUST00201",0.1245,"Low",1787821553984633,0,0
"CUST00202",0.05,"Low",1787821553984633,0,0
"CUST00203",0.1351,"Low",1787821553984633,0,0
"CUST00204",0.2395,"Low",1787821553984633,0,0
"CUST00205",0.1541,"Low",1787821553984633,0,0
"CUST00206",0.161,"Low",1787821553984633,0,0
"CUST00207",0.0519,"Low",1787821553984633,0,0
"CUST00208",0.196,"Low",1787821553984633,0,0
"CUST00209",0.083,"Low",1787821553984633,0,0
"CUST00210",0.086,"Low",1787821553984633,0,0
"CUST00211",0.1055,"Low",1787821553984633,0,0
"CUST00212",0.139,"Low",1787821553984633,0,0
"CUST00213",0.1045,"Low",1787821553984633,0,0
"CUST00214",0.3365,"Low",1787821553984633,1,0
"CUST00215",0.022,"Low",1787821553984633,0,0
"CUST00216",0.0801,"Low",1787821553984633,0,0
"CUST00217",0.1825,"Low",1787821553984633,0,0
"CUST00218",0.174,"Low",1787821553984633,0,0
"CUST00219",0.1365,"Low",1787821553984633,0,0
"CUST00220",0.193,"Low",1787821553984633,0,0
"CUST00221",0.1085,"Low",1787821553984633,0,0
"CUST00222",0.326,"Low",1787821553984633,1,0
"CUST00223",0.218,"Low",1787821553984633,0,0
"CUST00224",0.1787,"Low",1787821553984633,0,0
"CUST00225",0.2239,"Low",1787821553984633,0,0
"CUST00226",0.2628,"Low",1787821553984633,0,0
"CUST00227",0.1535,"Low",1787821553984633,0,0
"CUST00228",0.057,"Low",1787821553984633,0,0
"CUST00229",0.2575,"Low",1787821553984633,0,0
"CUST00230",0.116,"Low",1787821553984633,0,0
"CUST00231",0.1548,"Low",1787821553984633,0,0
"CUST00232",0.082,"Low",1787821553984633,0,0
"CUST00233",0.1904,"Low",1787821553984633,0,0
"CUST00234",0.2495,"Low",1787821553984633,0,0
"CUST00235",0.2155,"Low",1787821553984633,0,0
"CUST00236",0.1828,"Low",1787821553984633,0,0
"CUST00237",0.3562,"Medium",1787821553984633,1,0
"CUST00238",0.3335,"Low",1787821553984633,1,0
"CUST00239",0.1009,"Low",1787821553984633,0,0
"CUST00240",0.0619,"Low",1787821553984633,0,0
"CUST00241",0.0497,"Low",1787821553984633,0,0
"CUST00242",0.1179,"Low",1787821553984633,0,0
"CUST00243",0.1466,"Low",1787821553984633,0,0
"CUST00244",0.2718,"Low",1787821553984633,0,0
"CUST00245",0.101,"Low",1787821553984633,0,0
"CUST00246",0.1365,"Low",1787821553984633,0,0
"CUST00247",0.1185,"Low",1787821553984633,0,0
"CUST00248",0.1519,"Low",1787821553984633,0,0
"CUST00249",0.049,"Low",1787821553984633,0,0
"CUST00250",0.0988,"Low",1787821553984633,0,0
"CUST00251",0.1979,"Low",1787821553984633,0,0
"CUST00252",0.0487,"Low",1787821553984633,0,0
"CUST00253",0.021,"Low",1787821553984633,0,0
"CUST00254",0.0601,"Low",1787821553984633,0,0
"CUST00255",0.0865,"Low",1787821553984633,0,0
"CUST00256",0.1939,"Low",1787821553984633,0,0
"CUST00257",0.137,"Low",1787821553984633,0,0
"CUST00258",0.2054,"Low",1787821553984633,0,0
"CUST00259",0.239,"Low",1787821553984633,0,0
"CUST00260",0.2412,"Low",1787821553984633,0,0
"CUST00261",0.1488,"Low",1787821553984633,0,0
"CUST00262",0.252,"Low",1787821553984633,1,0
"CUST00263",0.1455,"Low",1787821553984633,0,0
"CUST00264",0.0747,"Low",1787821553984633,0,0
"CUST00265",0.1176,"Low",1787821553984633,0,0
"CUST00266",0.275,"Low",1787821553984633,0,0
"CUST00267",0.1495,"Low",1787821553984633,0,0
"CUST00268",0.1456,"Low",1787821553984633,0,0
"CUST00269",0.1639,"Low",1787821553984633,0,0
"CUST00270",0.0726,"Low",1787821553984633,0,0
"CUST00271",0.1875,"Low",1787821553984633,0,0
"CUST00272",0.2348,"Low",1787821553984633,0,0
"CUST00273",0.1517,"Low",1787821553984633,0,0
"CUST00274",0.0865,"Low",1787821553984633,0,0
"CUST00275",0.2098,"Low",1787821553984633,0,0
"CUST00276",0.0331,"Low",1787821553984633,0,0
"CUST00277",0.3075,"Low",1787821553984633,0,0
"CUST00278",0.126,"Low",1787821553984633,0,0
"CUST00279",0.087,"Low",1787821553984633,0,0
"CUST00280",0.1845,"Low",1787821553984633,0,0
"CUST00281",0.0795,"Low",1787821553984633,0,0
"CUST00282",0.2865,"Low",1787821553984633,1,0
"CUST00283",0.1495,"Low",1787821553984633,0,0
"CUST00284",0.142,"Low",1787821553984633,0,0
"CUST00285",0.23,"Low",1787821553984633,0,0
"CUST00286",0.1634,"Low",1787821553984633,0,0
"CUST00287",0.0922,"Low",1787821553984633,0,0
"CUST00288",0.1833,"Low",1787821553984633,0,0
"CUST00289",0.1335,"Low",1787821553984633,0,0
"CUST00290",0.269,"Low",1787821553984633,1,0
"CUST00291",0.1645,"Low",1787821553984633,0,0
"CUST00292",0.5005,"Medium",1787821553984633,1,1
"CUST00293",0.0265,"Low",1787821553984633,0,0
"CUST00294",0.2649,"Low",1787821553984633,0,0
"CUST00295",0.157,"Low",1787821553984633,0,0
"CUST00296",0.2775,"Low",1787821553984633,1,0
"CUST00297",0.023,"Low",1787821553984633,0,0
"CUST00298",0.3321,"Low",1787821553984633,1,0
"CUST00299",0.269,"Low",1787821553984633,1,0
"CUST00300",0.322,"Low",1787821553984633,1,0
"CUST00301",0.193,"Low",1787821553984633,0,0
"CUST00302",0.236,"Low",1787821553984633,0,0
"CUST00303",0.2555,"Low",1787821553984633,0,0
"CUST00304",0.212,"Low",1787821553984633,0,0
"CUST00305",0.0871,"Low",1787821553984633,0,0
"CUST00306",0.1615,"Low",1787821553984633,0,0
"CUST00307",0.235,"Low",1787821553984633,0,0
"CUST00308",0.105,"Low",1787821553984633,0,0
"CUST00309",0.072,"Low",1787821553984633,0,0
"CUST00310",0.163,"Low",1787821553984633,0,0
"CUST00311",0.142,"Low",1787821553984633,0,0
"CUST00312",0.1295,"Low",1787821553984633,0,0
"CUST00313",0.1707,"Low",1787821553984633,0,0
"CUST00314",0.1657,"Low",1787821553984633,0,0
"CUST00315",0.1982,"Low",1787821553984633,0,0
"CUST00316",0.1497,"Low",1787821553984633,0,0
"CUST00317",0.1165,"Low",1787821553984633,0,0
"CUST00318",0.3249,"Low",1787821553984633,1,0
"CUST00319",0.123,"Low",1787821553984633,0,0
"CUST00320",0.3922,"Medium",1787821553984633,1,0
"CUST00321",0.078,"Low",1787821553984633,0,0
"CUST00322",0.1121,"Low",1787821553984633,0,0
"CUST00323",0.2428,"Low",1787821553984633,0,0
"CUST00324",0.2071,"Low",1787821553984633,0,0
"CUST00325",0.257,"Low",1787821553984633,1,0
"CUST00326",0.144,"Low",1787821553984633,0,0
"CUST00327",0.0405,"Low",1787821553984633,0,0
"CUST00328",0.1717,"Low",1787821553984633,0,0
"CUST00329",0.1219,"Low",1787821553984633,0,0
"CUST00330",0.0754,"Low",1787821553984633,0,0
"CUST00331",0.2905,"Low",1787821553984633,1,0
"CUST00332",0.2463,"Low",1787821553984633,0,0
"CUST00333",0.2364,"Low",1787821553984633,0,0
"CUST00334",0.1759,"Low",1787821553984633,0,0
"CUST00335",0.1768,"Low",1787821553984633,0,0
"CUST00336",0.1129,"Low",1787821553984633,0,0
"CUST00337",0.1658,"Low",1787821553984633,0,0
"CUST00338",0.093,"Low",1787821553984633,0,0
"CUST00339",0.1538,"Low",1787821553984633,0,0
"CUST00340",0.2819,"Low",1787821553984633,1,0
"CUST00341",0.075,"Low",1787821553984633,0,0
"CUST00342",0.106,"Low",1787821553984633,0,0
"CUST00343",0.2071,"Low",1787821553984633,0,0
"CUST00344",0.3335,"Low",1787821553984633,1,0
"CUST00345",0.176,"Low",1787821553984633,0,0
"CUST00346",0.1438,"Low",1787821553984633,0,0
"CUST00347",0.1173,"Low",1787821553984633,0,0
"CUST00348",0.1005,"Low",1787821553984633,0,0
"CUST00349",0.1128,"Low",1787821553984633,0,0
"CUST00350",0.077,"Low",1787821553984633,0,0
"CUST00351",0.183,"Low",1787821553984633,0,0
"CUST00352",0.1888,"Low",1787821553984633,0,0
"CUST00353",0.4017,"Medium",1787821553984633,1,0
"CUST00354",0.092,"Low",1787821553984633,0,0
"CUST00355",0.1742,"Low",1787821553984633,0,0
"CUST00356",0.265,"Low",1787821553984633,0,0
"CUST00357",0.2267,"Low",1787821553984633,0,0
"CUST00358",0.241,"Low",1787821553984633,0,0
"CUST00359",0.0763,"Low",1787821553984633,0,0
"CUST00360",0.1645,"Low",1787821553984633,0,0
"CUST00361",0.3399,"Low",1787821553984633,1,0
"CUST00362",0.1768,"Low",1787821553984633,0,0
"CUST00363",0.185,"Low",1787821553984633,0,0
"CUST00364",0.117,"Low",1787821553984633,0,0
"CUST00365",0.107,"Low",1787821553984633,0,0
"CUST00366",0.1594,"Low",1787821553984633,0,0
"CUST00367",0.056,"Low",1787821553984633,0,0
"CUST00368",0.202,"Low",1787821553984633,0,0
"CUST00369",0.083,"Low",1787821553984633,0,0
"CUST00370",0.1295,"Low",1787821553984633,0,0
"CUST00371",0.3195,"Low",1787821553984633,1,0
"CUST00372",0.2297,"Low",1787821553984633,0,0
"CUST00373",0.0922,"Low",1787821553984633,0,0
"CUST00374",0.1924,"Low",1787821553984633,0,0
"CUST00375",0.4074,"Medium",1787821553984633,1,0
"CUST00376",0.1815,"Low",1787821553984633,0,0
"CUST00377",0.072,"Low",1787821553984633,0,0
"CUST00378",0.2233,"Low",1787821553984633,0,0
"CUST00379",0.2645,"Low",1787821553984633,1,0
"CUST00380",0.11,"Low",1787821553984633,0,0
"CUST00381",0.2883,"Low",1787821553984633,1,0
"CUST00382",0.2945,"Low",1787821553984633,0,0
"CUST00383",0.2962,"Low",1787821553984633,0,0
"CUST00384",0.0955,"Low",1787821553984633,0,0
"CUST00385",0.1371,"Low",1787821553984633,0,0
"CUST00386",0.242,"Low",1787821553984633,0,0
"CUST00387",0.1914,"Low",1787821553984633,0,0
"CUST00388",0.0815,"Low",1787821553984633,0,0
"CUST00389",0.3788,"Medium",1787821553984633,1,0
"CUST00390",0.1498,"Low",1787821553984633,0,0
"CUST00391",0.0983,"Low",1787821553984633,0,0
"CUST00392",0.133,"Low",1787821553984633,0,0
"CUST00393",0.2802,"Low",1787821553984633,0,0
"CUST00394",0.3865,"Medium",1787821553984633,1,0
"CUST00395",0.2359,"Low",1787821553984633,0,0
"CUST00396",0.181,"Low",1787821553984633,0,0
"CUST00397",0.074,"Low",1787821553984633,0,0
"CUST00398",0.1915,"Low",1787821553984633,0,0
"CUST00399",0.248,"Low",1787821553984633,0,0
"CUST00400",0.307,"Low",1787821553984633,1,0
"CUST00401",0.0755,"Low",1787821553984633,0,0
"CUST00402",0.0665,"Low",1787821553984633,0,0
"CUST00403",0.1613,"Low",1787821553984633,0,0
"CUST00404",0.053,"Low",1787821553984633,0,0
"CUST00405",0.316,"Low",1787821553984633,1,0
"CUST00406",0.0852,"Low",1787821553984633,0,0
"CUST00407",0.2266,"Low",1787821553984633,0,0
"CUST00408",0.217,"Low",1787821553984633,0,0
"CUST00409",0.0719,"Low",1787821553984633,0,0
"CUST00410",0.3081,"Low",1787821553984633,0,0
"CUST00411",0.1513,"Low",1787821553984633,0,0
"CUST00412",0.2045,"Low",1787821553984633,0,0
"CUST00413",0.1997,"Low",1787821553984633,0,0
"CUST00414",0.138,"Low",1787821553984633,0,0
"CUST00415",0.1531,"Low",1787821553984633,0,0
"CUST00416",0.2775,"Low",1787821553984633,0,0
"CUST00417",0.1585,"Low",1787821553984633,0,0
"CUST00418",0.222,"Low",1787821553984633,0,0
"CUST00419",0.3249,"Low",1787821553984633,1,0
"CUST00420",0.203,"Low",1787821553984633,0,0
"CUST00421",0.1375,"Low",1787821553984633,0,0
"CUST00422",0.155,"Low",1787821553984633,0,0
"CUST00423",0.047,"Low",1787821553984633,0,0
"CUST00424",0.13,"Low",1787821553984633,0,0
"CUST00425",0.0785,"Low",1787821553984633,0,0
"CUST00426",0.206,"Low",1787821553984633,0,0
"CUST00427",0.241,"Low",1787821553984633,0,0
"CUST00428",0.1965,"Low",1787821553984633,0,0
"CUST00429",0.122,"Low",1787821553984633,0,0
"CUST00430",0.3722,"Medium",1787821553984633,1,0
"CUST00431",0.2921,"Low",1787821553984633,1,0
"CUST00432",0.3503,"Medium",1787821553984633,0,0
"CUST00433",0.1222,"Low",1787821553984633,0,0
"CUST00434",0.1355,"Low",1787821553984633,0,0
"CUST00435",0.3234,"Low",1787821553984633,1,0
"CUST00436",0.0773,"Low",1787821553984633,0,0
"CUST00437",0.1745,"Low",1787821553984633,0,0
"CUST00438",0.1785,"Low",1787821553984633,0,0
"CUST00439",0.2305,"Low",1787821553984633,0,0
"CUST00440",0.0765,"Low",1787821553984633,0,0
"CUST00441",0.0919,"Low",1787821553984633,0,0
"CUST00442",0.2975,"Low",1787821553984633,1,0
"CUST00443",0.1512,"Low",1787821553984633,0,0
"CUST00444",0.1785,"Low",1787821553984633,0,0
"CUST00445",0.162,"Low",1787821553984633,0,0
"CUST00446",0.252,"Low",1787821553984633,1,0
"CUST00447",0.2521,"Low",1787821553984633,0,0
"CUST00448",0.0205,"Low",1787821553984633,0,0
"CUST00449",0.2,"Low",1787821553984633,0,0
"CUST00450",0.2435,"Low",1787821553984633,0,0
"CUST00451",0.1895,"Low",1787821553984633,0,0
"CUST00452",0.0305,"Low",1787821553984633,0,0
"CUST00453",0.3076,"Low",1787821553984633,1,0
"CUST00454",0.1575,"Low",1787821553984633,0,0
"CUST00455",0.121,"Low",1787821553984633,0,0
"CUST00456",0.1885,"Low",1787821553984633,0,0
"CUST00457",0.098,"Low",1787821553984633,0,0
"CUST00458",0.1157,"Low",1787821553984633,0,0
"CUST00459",0.0445,"Low",1787821553984633,0,0
"CUST00460",0.0235,"Low",1787821553984633,0,0
"CUST00461",0.174,"Low",1787821553984633,0,0
"CUST00462",0.2065,"Low",1787821553984633,0,0
"CUST00463",0.122,"Low",1787821553984633,0,0
"CUST00464",0.162,"Low",1787821553984633,0,0
"CUST00465",0.1075,"Low",1787821553984633,0,0
"CUST00466",0.05,"Low",1787821553984633,0,0
"CUST00467",0.1675,"Low",1787821553984633,0,0
"CUST00468",0.146,"Low",1787821553984633,0,0
"CUST00469",0.1615,"Low",1787821553984633,0,0
"CUST00470",0.2997,"Low",1787821553984633,0,0
"CUST00471",0.099,"Low",1787821553984633,0,0
"CUST00472",0.129,"Low",1787821553984633,0,0
"CUST00473",0.0065,"Low",1787821553984633,0,0
"CUST00474",0.018,"Low",1787821553984633,0,0
"CUST00475",0.155,"Low",1787821553984633,0,0
"CUST00476",0.2336,"Low",1787821553984633,0,0
"CUST00477",0.1633,"Low",1787821553984633,0,0
"CUST00478",0.1965,"Low",1787821553984633,0,0
"CUST00479",0.1388,"Low",1787821553984633,0,0
"CUST00480",0.1465,"Low",1787821553984633,0,0
"CUST00481",0.3015,"Low",1787821553984633,1,0
"CUST00482",0.1175,"Low",1787821553984633,0,0
"CUST00483",0.1309,"Low",1787821553984633,0,0
"CUST00484",0.09,"Low",1787821553984633,0,0
"CUST00485",0.0435,"Low",1787821553984633,0,0
"CUST00486",0.1805,"Low",1787821553984633,0,0
"CUST00487",0.122,"Low",1787821553984633,0,0
"CUST00488",0.164,"Low",1787821553984633,0,0
"CUST00489",0.083,"Low",1787821553984633,0,0
"CUST00490",0.035,"Low",1787821553984633,0,0
"CUST00491",0.2053,"Low",1787821553984633,0,0
"CUST00492",0.1785,"Low",1787821553984633,0,0
"CUST00493",0.0506,"Low",1787821553984633,0,0
"CUST00494",0.2031,"Low",1787821553984633,0,0
"CUST00495",0.318,"Low",1787821553984633,1,0
"CUST00496",0.0785,"Low",1787821553984633,0,0
"CUST00497",0.3274,"Low",1787821553984633,0,0
"CUST00498",0.1353,"Low",1787821553984633,0,0
"CUST00499",0.2959,"Low",1787821553984633,1,0
"CUST00500",0.1332,"Low",1787821553984633,0,0
"CUST00501",0.1318,"Low",1787821553984633,0,0
"CUST00502",0.1745,"Low",1787821553984633,0,0
"CUST00503",0.0395,"Low",1787821553984633,0,0
"CUST00504",0.0658,"Low",1787821553984633,0,0
"CUST00505",0.0695,"Low",1787821553984633,0,0
"CUST00506",0.1851,"Low",1787821553984633,0,0
"CUST00507",0.0805,"Low",1787821553984633,0,0
"CUST00508",0.0585,"Low",1787821553984633,0,0
"CUST00509",0.2021,"Low",1787821553984633,0,0
"CUST00510",0.185,"Low",1787821553984633,0,0
"CUST00511",0.1,"Low",1787821553984633,0,0
"CUST00512",0.096,"Low",1787821553984633,0,0
"CUST00513",0.058,"Low",1787821553984633,0,0
"CUST00514",0.1175,"Low",1787821553984633,0,0
"CUST00515",0.3645,"Medium",1787821553984633,1,0
"CUST00516",0.28,"Low",1787821553984633,1,0
"CUST00517",0.2981,"Low",1787821553984633,1,0
"CUST00518",0.2455,"Low",1787821553984633,0,0
"CUST00519",0.2915,"Low",1787821553984633,1,0
"CUST00520",0.2025,"Low",1787821553984633,0,0
"CUST00521",0.3593,"Medium",1787821553984633,0,0
"CUST00522",0.2085,"Low",1787821553984633,0,0
"CUST00523",0.2425,"Low",1787821553984633,0,0
"CUST00524",0.3253,"Low",1787821553984633,1,0
"CUST00525",0.2054,"Low",1787821553984633,0,0
"CUST00526",0.1687,"Low",1787821553984633,0,0
"CUST00527",0.0215,"Low",1787821553984633,0,0
"CUST00528",0.2832,"Low",1787821553984633,1,0
"CUST00529",0.3061,"Low",1787821553984633,0,0
"CUST00530",0.2336,"Low",1787821553984633,0,0
"CUST00531",0.2405,"Low",1787821553984633,0,0
"CUST00532",0.4023,"Medium",1787821553984633,0,0
"CUST00533",0.1627,"Low",1787821553984633,0,0
"CUST00534",0.1175,"Low",1787821553984633,0,0
"CUST00535",0.106,"Low",1787821553984633,0,0
"CUST00536",0.2713,"Low",1787821553984633,0,0
"CUST00537",0.2599,"Low",1787821553984633,0,0
"CUST00538",0.1585,"Low",1787821553984633,0,0
"CUST00539",0.18,"Low",1787821553984633,0,0
"CUST00540",0.2496,"Low",1787821553984633,0,0
"CUST00541",0.145,"Low",1787821553984633,0,0
"CUST00542",0.0835,"Low",1787821553984633,0,0
"CUST00543",0.1495,"Low",1787821553984633,0,0
"CUST00544",0.1336,"Low",1787821553984633,0,0
"CUST00545",0.345,"Low",1787821553984633,1,0
"CUST00546",0.0666,"Low",1787821553984633,0,0
"CUST00547",0.2385,"Low",1787821553984633,0,0
"CUST00548",0.2215,"Low",1787821553984633,0,0
"CUST00549",0.1145,"Low",1787821553984633,0,0
"CUST00550",0.2629,"Low",1787821553984633,0,0
"CUST00551",0.1314,"Low",1787821553984633,0,0
"CUST00552",0.1161,"Low",1787821553984633,0,0
"CUST00553",0.2012,"Low",1787821553984633,0,0
"CUST00554",0.1195,"Low",1787821553984633,0,0
"CUST00555",0.191,"Low",1787821553984633,0,0
"CUST00556",0.107,"Low",1787821553984633,0,0
"CUST00557",0.0645,"Low",1787821553984633,0,0
"CUST00558",0.0185,"Low",1787821553984633,0,0
"CUST00559",0.2788,"Low",1787821553984633,0,0
"CUST00560",0.199,"Low",1787821553984633,0,0
"CUST00561",0.0902,"Low",1787821553984633,0,0
"CUST00562",0.2036,"Low",1787821553984633,0,0
"CUST00563",0.2305,"Low",1787821553984633,0,0
"CUST00564",0.16,"Low",1787821553984633,0,0
"CUST00565",0.1335,"Low",1787821553984633,0,0
"CUST00566",0.191,"Low",1787821553984633,0,0
"CUST00567",0.1475,"Low",1787821553984633,0,0
"CUST00568",0.1325,"Low",1787821553984633,0,0
"CUST00569",0.2877,"Low",1787821553984633,0,0
"CUST00570",0.207,"Low",1787821553984633,0,0
"CUST00571",0.2935,"Low",1787821553984633,1,0
"CUST00572",0.1237,"Low",1787821553984633,0,0
"CUST00573",0.021,"Low",1787821553984633,0,0
"CUST00574",0.2358,"Low",1787821553984633,0,0
"CUST00575",0.2585,"Low",1787821553984633,0,0
"CUST00576",0.1837,"Low",1787821553984633,0,0
"CUST00577",0.1455,"Low",1787821553984633,0,0
"CUST00578",0.1788,"Low",1787821553984633,0,0
"CUST00579",0.2473,"Low",1787821553984633,0,0
"CUST00580",0.1285,"Low",1787821553984633,0,0
"CUST00581",0.195,"Low",1787821553984633,0,0
"CUST00582",0.2243,"Low",1787821553984633,0,0
"CUST00583",0.1142,"Low",1787821553984633,0,0
"CUST00584",0.201,"Low",1787821553984633,0,0
"CUST00585",0.06,"Low",1787821553984633,0,0
"CUST00586",0.1045,"Low",1787821553984633,0,0
"CUST00587",0.1204,"Low",1787821553984633,0,0
"CUST00588",0.15,"Low",1787821553984633,0,0
"CUST00589",0.31,"Low",1787821553984633,1,0
"CUST00590",0.2192,"Low",1787821553984633,0,0
"CUST00591",0.1195,"Low",1787821553984633,0,0
"CUST00592",0.114,"Low",1787821553984633,0,0
"CUST00593",0.1589,"Low",1787821553984633,0,0
"CUST00594",0.1455,"Low",1787821553984633,0,0
"CUST00595",0.2895,"Low",1787821553984633,1,0
"CUST00596",0.088,"Low",1787821553984633,0,0
"CUST00597",0.0965,"Low",1787821553984633,0,0
"CUST00598",0.2662,"Low",1787821553984633,0,0
"CUST00599",0.304,"Low",1787821553984633,1,0
"CUST00600",0.1109,"Low",1787821553984633,0,0
"CUST00601",0.16,"Low",1787821553984633,0,0
"CUST00602",0.0887,"Low",1787821553984633,0,0
"CUST00603",0.192,"Low",1787821553984633,0,0
"CUST00604",0.2233,"Low",1787821553984633,0,0
"CUST00605",0.1376,"Low",1787821553984633,0,0
"CUST00606",0.146,"Low",1787821553984633,0,0
"CUST00607",0.1052,"Low",1787821553984633,0,0
"CUST00608",0.1224,"Low",1787821553984633,0,0
"CUST00609",0.1595,"Low",1787821553984633,0,0
"CUST00610",0.2853,"Low",1787821553984633,1,0
"CUST00611",0.2824,"Low",1787821553984633,0,0
"CUST00612",0.023,"Low",1787821553984633,0,0
"CUST00613",0.1043,"Low",1787821553984633,0,0
"CUST00614",0.0345,"Low",1787821553984633,0,0
"CUST00615",0.0915,"Low",1787821553984633,0,0
"CUST00616",0.0933,"Low",1787821553984633,0,0
"CUST00617",0.118,"Low",1787821553984633,0,0
"CUST00618",0.3313,"Low",1787821553984633,1,0
"CUST00619",0.074,"Low",1787821553984633,0,0
"CUST00620",0.2002,"Low",1787821553984633,0,0
"CUST00621",0.093,"Low",1787821553984633,0,0
"CUST00622",0.12,"Low",1787821553984633,0,0
"CUST00623",0.4085,"Medium",1787821553984633,1,0
"CUST00624",0.162,"Low",1787821553984633,0,0
"CUST00625",0.0973,"Low",1787821553984633,0,0
"CUST00626",0.1581,"Low",1787821553984633,0,0
"CUST00627",0.0851,"Low",1787821553984633,0,0
"CUST00628",0.233,"Low",1787821553984633,0,0
"CUST00629",0.203,"Low",1787821553984633,0,0
"CUST00630",0.039,"Low",1787821553984633,0,0
"CUST00631",0.124,"Low",1787821553984633,0,0
"CUST00632",0.1685,"Low",1787821553984633,0,0
"CUST00633",0.145,"Low",1787821553984633,0,0
"CUST00634",0.156,"Low",1787821553984633,0,0
"CUST00635",0.2159,"Low",1787821553984633,0,0
"CUST00636",0.1255,"Low",1787821553984633,0,0
"CUST00637",0.175,"Low",1787821553984633,0,0
"CUST00638",0.3086,"Low",1787821553984633,1,0
"CUST00639",0.1126,"Low",1787821553984633,0,0
"CUST00640",0.142,"Low",1787821553984633,0,0
"CUST00641",0.1615,"Low",1787821553984633,0,0
"CUST00642",0.2895,"Low",1787821553984633,1,0
"CUST00643",0.0765,"Low",1787821553984633,0,0
"CUST00644",0.1985,"Low",1787821553984633,0,0
"CUST00645",0.2295,"Low",1787821553984633,0,0
"CUST00646",0.1051,"Low",1787821553984633,0,0
"CUST00647",0.1843,"Low",1787821553984633,0,0
"CUST00648",0.065,"Low",1787821553984633,0,0
"CUST00649",0.226,"Low",1787821553984633,0,0
"CUST00650",0.1735,"Low",1787821553984633,0,0
"CUST00651",0.2178,"Low",1787821553984633,0,0
"CUST00652",0.127,"Low",1787821553984633,0,0
"CUST00653",0.1893,"Low",1787821553984633,0,0
"CUST00654",0.1195,"Low",1787821553984633,0,0
"CUST00655",0.0695,"Low",1787821553984633,0,0
"CUST00656",0.1806,"Low",1787821553984633,0,0
"CUST00657",0.0876,"Low",1787821553984633,0,0
"CUST00658",0.1248,"Low",1787821553984633,0,0
"CUST00659",0.2165,"Low",1787821553984633,0,0
"CUST00660",0.117,"Low",1787821553984633,0,0
"CUST00661",0.2998,"Low",1787821553984633,0,0
"CUST00662",0.242,"Low",1787821553984633,0,0
"CUST00663",0.3778,"Medium",1787821553984633,0,0
"CUST00664",0.021,"Low",1787821553984633,0,0
"CUST00665",0.1704,"Low",1787821553984633,0,0
"CUST00666",0.1942,"Low",1787821553984633,0,0
"CUST00667",0.032,"Low",1787821553984633,0,0
"CUST00668",0.102,"Low",1787821553984633,0,0
"CUST00669",0.205,"Low",1787821553984633,0,0
"CUST00670",0.0955,"Low",1787821553984633,0,0
"CUST00671",0.1913,"Low",1787821553984633,0,0
"CUST00672",0.096,"Low",1787821553984633,0,0
"CUST00673",0.009,"Low",1787821553984633,0,0
"CUST00674",0.4205,"Medium",1787821553984633,0,0
"CUST00675",0.2679,"Low",1787821553984633,0,0
"CUST00676",0.183,"Low",1787821553984633,0,0
"CUST00677",0.1919,"Low",1787821553984633,0,0
"CUST00678",0.0505,"Low",1787821553984633,0,0
"CUST00679",0.218,"Low",1787821553984633,0,0
"CUST00680",0.093,"Low",1787821553984633,0,0
"CUST00681",0.2585,"Low",1787821553984633,1,0
"CUST00682",0.248,"Low",1787821553984633,0,0
"CUST00683",0.1835,"Low",1787821553984633,0,0
"CUST00684",0.143,"Low",1787821553984633,0,0
"CUST00685",0.2029,"Low",1787821553984633,0,0
"CUST00686",0.2477,"Low",1787821553984633,0,0
"CUST00687",0.2605,"Low",1787821553984633,0,0
"CUST00688",0.167,"Low",1787821553984633,0,0
"CUST00689",0.0893,"Low",1787821553984633,0,0
"CUST00690",0.201,"Low",1787821553984633,0,0
"CUST00691",0.13,"Low",1787821553984633,0,0
"CUST00692",0.0705,"Low",1787821553984633,0,0
"CUST00693",0.058,"Low",1787821553984633,0,0
"CUST00694",0.1795,"Low",1787821553984633,0,0
"CUST00695",0.0365,"Low",1787821553984633,0,0
"CUST00696",0.2511,"Low",1787821553984633,0,0
"CUST00697",0.082,"Low",1787821553984633,0,0
"CUST00698",0.2795,"Low",1787821553984633,0,0
"CUST00699",0.094,"Low",1787821553984633,0,0
"CUST00700",0.0445,"Low",1787821553984633,0,0
"CUST00701",0.095,"Low",1787821553984633,0,0
"CUST00702",0.0844,"Low",1787821553984633,0,0
"CUST00703",0.0905,"Low",1787821553984633,0,0
"CUST00704",0.0725,"Low",1787821553984633,0,0
"CUST00705",0.268,"Low",1787821553984633,1,0
"CUST00706",0.16,"Low",1787821553984633,0,0
"CUST00707",0.09,"Low",1787821553984633,0,0
"CUST00708",0.1315,"Low",1787821553984633,0,0
"CUST00709",0.2636,"Low",1787821553984633,0,0
"CUST00710",0.06,"Low",1787821553984633,0,0
"CUST00711",0.1,"Low",1787821553984633,0,0
"CUST00712",0.1255,"Low",1787821553984633,0,0
"CUST00713",0.1375,"Low",1787821553984633,0,0
"CUST00714",0.098,"Low",1787821553984633,0,0
"CUST00715",0.2961,"Low",1787821553984633,0,0
"CUST00716",0.0715,"Low",1787821553984633,0,0
"CUST00717",0.0575,"Low",1787821553984633,0,0
"CUST00718",0.1485,"Low",1787821553984633,0,0
"CUST00719",0.0885,"Low",1787821553984633,0,0
"CUST00720",0.0393,"Low",1787821553984633,0,0
"CUST00721",0.3815,"Medium",1787821553984633,1,0
"CUST00722",0.13,"Low",1787821553984633,0,0
"CUST00723",0.175,"Low",1787821553984633,0,0
"CUST00724",0.2023,"Low",1787821553984633,0,0
"CUST00725",0.1595,"Low",1787821553984633,0,0
"CUST00726",0.2021,"Low",1787821553984633,0,0
"CUST00727",0.193,"Low",1787821553984633,0,0
"CUST00728",0.1975,"Low",1787821553984633,0,0
"CUST00729",0.238,"Low",1787821553984633,0,0
"CUST00730",0.3,"Low",1787821553984633,0,0
"CUST00731",0.3318,"Low",1787821553984633,1,0
"CUST00732",0.1347,"Low",1787821553984633,0,0
"CUST00733",0.1096,"Low",1787821553984633,0,0
"CUST00734",0.15,"Low",1787821553984633,0,0
"CUST00735",0.149,"Low",1787821553984633,0,0
"CUST00736",0.1645,"Low",1787821553984633,0,0
"CUST00737",0.0405,"Low",1787821553984633,0,0
"CUST00738",0.2209,"Low",1787821553984633,0,0
"CUST00739",0.1782,"Low",1787821553984633,0,0
"CUST00740",0.217,"Low",1787821553984633,0,0
"CUST00741",0.2155,"Low",1787821553984633,0,0
"CUST00742",0.2938,"Low",1787821553984633,1,0
"CUST00743",0.1975,"Low",1787821553984633,0,0
"CUST00744",0.2056,"Low",1787821553984633,0,0
"CUST00745",0.1155,"Low",1787821553984633,0,0
"CUST00746",0.174,"Low",1787821553984633,0,0
"CUST00747",0.033,"Low",1787821553984633,0,0
"CUST00748",0.2065,"Low",1787821553984633,0,0
"CUST00749",0.1435,"Low",1787821553984633,0,0
"CUST00750",0.268,"Low",1787821553984633,1,0
"CUST00751",0.1645,"Low",1787821553984633,0,0
"CUST00752",0.2165,"Low",1787821553984633,0,0
"CUST00753",0.2432,"Low",1787821553984633,0,0
"CUST00754",0.1423,"Low",1787821553984633,0,0
"CUST00755",0.2704,"Low",1787821553984633,0,0
"CUST00756",0.1072,"Low",1787821553984633,0,0
"CUST00757",0.1446,"Low",1787821553984633,0,0
"CUST00758",0.1577,"Low",1787821553984633,0,0
"CUST00759",0.2249,"Low",1787821553984633,0,0
"CUST00760",0.1813,"Low",1787821553984633,0,0
"CUST00761",0.0885,"Low",1787821553984633,0,0
"CUST00762",0.1355,"Low",1787821553984633,0,0
"CUST00763",0.1761,"Low",1787821553984633,0,0
"CUST00764",0.1525,"Low",1787821553984633,0,0
"CUST00765",0.057,"Low",1787821553984633,0,0
"CUST00766",0.1238,"Low",1787821553984633,0,0
"CUST00767",0.302,"Low",1787821553984633,0,0
"CUST00768",0.2,"Low",1787821553984633,0,0
"CUST00769",0.1085,"Low",1787821553984633,0,0
"CUST00770",0.287,"Low",1787821553984633,0,0
"CUST00771",0.1238,"Low",1787821553984633,0,0
"CUST00772",0.137,"Low",1787821553984633,0,0
"CUST00773",0.0615,"Low",1787821553984633,0,0
"CUST00774",0.1074,"Low",1787821553984633,0,0
"CUST00775",0.122,"Low",1787821553984633,0,0
"CUST00776",0.138,"Low",1787821553984633,0,0
"CUST00777",0.2183,"Low",1787821553984633,0,0
"CUST00778",0.1901,"Low",1787821553984633,0,0
"CUST00779",0.133,"Low",1787821553984633,0,0
"CUST00780",0.205,"Low",1787821553984633,0,0
"CUST00781",0.1185,"Low",1787821553984633,0,0
"CUST00782",0.2445,"Low",1787821553984633,0,0
"CUST00783",0.0838,"Low",1787821553984633,0,0
"CUST00784",0.1918,"Low",1787821553984633,0,0
"CUST00785",0.0585,"Low",1787821553984633,0,0
"CUST00786",0.0219,"Low",1787821553984633,0,0
"CUST00787",0.076,"Low",1787821553984633,0,0
"CUST00788",0.1511,"Low",1787821553984633,0,0
"CUST00789",0.1248,"Low",1787821553984633,0,0
"CUST00790",0.056,"Low",1787821553984633,0,0
"CUST00791",0.2389,"Low",1787821553984633,0,0
"CUST00792",0.2633,"Low",1787821553984633,0,0
"CUST00793",0.0745,"Low",1787821553984633,0,0
"CUST00794",0.2868,"Low",1787821553984633,1,0
"CUST00795",0.136,"Low",1787821553984633,0,0
"CUST00796",0.108,"Low",1787821553984633,0,0
"CUST00797",0.1012,"Low",1787821553984633,0,0
"CUST00798",0.2148,"Low",1787821553984633,0,0
"CUST00799",0.0866,"Low",1787821553984633,0,0
"CUST00800",0.3535,"Medium",1787821553984633,0,0
"CUST00801",0.124,"Low",1787821553984633,0,0
"CUST00802",0.2703,"Low",1787821553984633,0,0
"CUST00803",0.241,"Low",1787821553984633,0,0
"CUST00804",0.277,"Low",1787821553984633,1,0
"CUST00805",0.1255,"Low",1787821553984633,0,0
"CUST00806",0.0685,"Low",1787821553984633,0,0
"CUST00807",0.1262,"Low",1787821553984633,0,0
"CUST00808",0.1046,"Low",1787821553984633,0,0
"CUST00809",0.0978,"Low",1787821553984633,0,0
"CUST00810",0.066,"Low",1787821553984633,0,0
"CUST00811",0.0922,"Low",1787821553984633,0,0
"CUST00812",0.202,"Low",1787821553984633,0,0
"CUST00813",0.1335,"Low",1787821553984633,0,0
"CUST00814",0.0735,"Low",1787821553984633,0,0
"CUST00815",0.3766,"Medium",1787821553984633,1,0
"CUST00816",0.2255,"Low",1787821553984633,0,0
"CUST00817",0.163,"Low",1787821553984633,0,0
"CUST00818",0.01,"Low",1787821553984633,0,0
"CUST00819",0.1128,"Low",1787821553984633,0,0
"CUST00820",0.2415,"Low",1787821553984633,0,0
"CUST00821",0.094,"Low",1787821553984633,0,0
"CUST00822",0.2726,"Low",1787821553984633,0,0
"CUST00823",0.1675,"Low",1787821553984633,0,0
"CUST00824",0.0873,"Low",1787821553984633,0,0
"CUST00825",0.3613,"Medium",1787821553984633,1,0
"CUST00826",0.243,"Low",1787821553984633,0,0
"CUST00827",0.1873,"Low",1787821553984633,0,0
"CUST00828",0.2075,"Low",1787821553984633,0,0
"CUST00829",0.267,"Low",1787821553984633,1,0
"CUST00830",0.198,"Low",1787821553984633,0,0
"CUST00831",0.1457,"Low",1787821553984633,0,0
"CUST00832",0.036,"Low",1787821553984633,0,0
"CUST00833",0.1437,"Low",1787821553984633,0,0
"CUST00834",0.1826,"Low",1787821553984633,0,0
"CUST00835",0.092,"Low",1787821553984633,0,0
"CUST00836",0.0853,"Low",1787821553984633,0,0
"CUST00837",0.2327,"Low",1787821553984633,0,0
"CUST00838",0.4025,"Medium",1787821553984633,1,0
"CUST00839",0.141,"Low",1787821553984633,0,0
"CUST00840",0.048,"Low",1787821553984633,0,0
"CUST00841",0.2402,"Low",1787821553984633,0,0
"CUST00842",0.2537,"Low",1787821553984633,0,0
"CUST00843",0.2335,"Low",1787821553984633,0,0
"CUST00844",0.1915,"Low",1787821553984633,0,0
"CUST00845",0.1721,"Low",1787821553984633,0,0
"CUST00846",0.162,"Low",1787821553984633,0,0
"CUST00847",0.2952,"Low",1787821553984633,1,0
"CUST00848",0.3417,"Low",1787821553984633,1,0
"CUST00849",0.2138,"Low",1787821553984633,0,0
"CUST00850",0.1375,"Low",1787821553984633,0,0
"CUST00851",0.1611,"Low",1787821553984633,0,0
"CUST00852",0.0941,"Low",1787821553984633,0,0
"CUST00853",0.0778,"Low",1787821553984633,0,0
"CUST00854",0.3262,"Low",1787821553984633,1,0
"CUST00855",0.144,"Low",1787821553984633,0,0
"CUST00856",0.258,"Low",1787821553984633,0,0
"CUST00857",0.291,"Low",1787821553984633,0,0
"CUST00858",0.188,"Low",1787821553984633,0,0
"CUST00859",0.0255,"Low",1787821553984633,0,0
"CUST00860",0.3366,"Low",1787821553984633,0,0
"CUST00861",0.164,"Low",1787821553984633,0,0
"CUST00862",0.167,"Low",1787821553984633,0,0
"CUST00863",0.2125,"Low",1787821553984633,0,0
"CUST00864",0.065,"Low",1787821553984633,0,0
"CUST00865",0.1042,"Low",1787821553984633,0,0
"CUST00866",0.1165,"Low",1787821553984633,0,0
"CUST00867",0.1907,"Low",1787821553984633,0,0
"CUST00868",0.1655,"Low",1787821553984633,0,0
"CUST00869",0.2915,"Low",1787821553984633,0,0
"CUST00870",0.0446,"Low",1787821553984633,0,0
"CUST00871",0.1065,"Low",1787821553984633,0,0
"CUST00872",0.0811,"Low",1787821553984633,0,0
"CUST00873",0.3332,"Low",1787821553984633,1,0
"CUST00874",0.2081,"Low",1787821553984633,0,0
"CUST00875",0.277,"Low",1787821553984633,1,0
"CUST00876",0.151,"Low",1787821553984633,0,0
"CUST00877",0.3456,"Low",1787821553984633,1,0
"CUST00878",0.0784,"Low",1787821553984633,0,0
"CUST00879",0.226,"Low",1787821553984633,0,0
"CUST00880",0.3055,"Low",1787821553984633,1,0
"CUST00881",0.1279,"Low",1787821553984633,0,0
"CUST00882",0.3098,"Low",1787821553984633,1,0
"CUST00883",0.116,"Low",1787821553984633,0,0
"CUST00884",0.2265,"Low",1787821553984633,0,0
"CUST00885",0.0685,"Low",1787821553984633,0,0
"CUST00886",0.177,"Low",1787821553984633,0,0
"CUST00887",0.09,"Low",1787821553984633,0,0
"CUST00888",0.192,"Low",1787821553984633,0,0
"CUST00889",0.2645,"Low",1787821553984633,0,0
"CUST00890",0.1454,"Low",1787821553984633,0,0
"CUST00891",0.0824,"Low",1787821553984633,0,0
"CUST00892",0.1578,"Low",1787821553984633,0,0
"CUST00893",0.2581,"Low",1787821553984633,0,0
"CUST00894",0.185,"Low",1787821553984633,0,0
"CUST00895",0.1985,"Low",1787821553984633,0,0
"CUST00896",0.0375,"Low",1787821553984633,0,0
"CUST00897",0.264,"Low",1787821553984633,1,0
"CUST00898",0.2394,"Low",1787821553984633,0,0
"CUST00899",0.3148,"Low",1787821553984633,1,0
"CUST00900",0.099,"Low",1787821553984633,0,0
"CUST00901",0.507,"Medium",1787821553984633,1,1
"CUST00902",0.2121,"Low",1787821553984633,0,0
"CUST00903",0.1816,"Low",1787821553984633,0,0
"CUST00904",0.2803,"Low",1787821553984633,0,0
"CUST00905",0.3276,"Low",1787821553984633,1,0
"CUST00906",0.1315,"Low",1787821553984633,0,0
"CUST00907",0.0495,"Low",1787821553984633,0,0
"CUST00908",0.1114,"Low",1787821553984633,0,0
"CUST00909",0.1038,"Low",1787821553984633,0,0
"CUST00910",0.1788,"Low",1787821553984633,0,0
"CUST00911",0.206,"Low",1787821553984633,0,0
"CUST00912",0.1552,"Low",1787821553984633,0,0
"CUST00913",0.209,"Low",1787821553984633,0,0
"CUST00914",0.19,"Low",1787821553984633,0,0
"CUST00915",0.125,"Low",1787821553984633,0,0
"CUST00916",0.1205,"Low",1787821553984633,0,0
"CUST00917",0.041,"Low",1787821553984633,0,0
"CUST00918",0.13,"Low",1787821553984633,0,0
"CUST00919",0.2025,"Low",1787821553984633,0,0
"CUST00920",0.1235,"Low",1787821553984633,0,0
"CUST00921",0.267,"Low",1787821553984633,1,0
"CUST00922",0.047,"Low",1787821553984633,0,0
"CUST00923",0.2586,"Low",1787821553984633,0,0
"CUST00924",0.0245,"Low",1787821553984633,0,0
"CUST00925",0.353,"Medium",1787821553984633,1,0
"CUST00926",0.328,"Low",1787821553984633,1,0
"CUST00927",0.164,"Low",1787821553984633,0,0
"CUST00928",0.1201,"Low",1787821553984633,0,0
"CUST00929",0.273,"Low",1787821553984633,0,0
"CUST00930",0.0675,"Low",1787821553984633,0,0
"CUST00931",0.2907,"Low",1787821553984633,0,0
"CUST00932",0.2316,"Low",1787821553984633,0,0
"CUST00933",0.1215,"Low",1787821553984633,0,0
"CUST00934",0.122,"Low",1787821553984633,0,0
"CUST00935",0.0731,"Low",1787821553984633,0,0
"CUST00936",0.3995,"Medium",1787821553984633,1,0
"CUST00937",0.021,"Low",1787821553984633,0,0
"CUST00938",0.133,"Low",1787821553984633,0,0
"CUST00939",0.099,"Low",1787821553984633,0,0
"CUST00940",0.0915,"Low",1787821553984633,0,0
"CUST00941",0.1176,"Low",1787821553984633,0,0
"CUST00942",0.2233,"Low",1787821553984633,0,0
"CUST00943",0.105,"Low",1787821553984633,0,0
"CUST00944",0.2461,"Low",1787821553984633,0,0
"CUST00945",0.1723,"Low",1787821553984633,0,0
"CUST00946",0.0955,"Low",1787821553984633,0,0
"CUST00947",0.2837,"Low",1787821553984633,1,0
"CUST00948",0.112,"Low",1787821553984633,0,0
"CUST00949",0.168,"Low",1787821553984633,0,0
"CUST00950",0.1264,"Low",1787821553984633,0,0
"CUST00951",0.2742,"Low",1787821553984633,0,0
"CUST00952",0.0815,"Low",1787821553984633,0,0
"CUST00953",0.1,"Low",1787821553984633,0,0
"CUST00954",0.346,"Low",1787821553984633,1,0
"CUST00955",0.0863,"Low",1787821553984633,0,0
"CUST00956",0.0405,"Low",1787821553984633,0,0
"CUST00957",0.2012,"Low",1787821553984633,0,0
"CUST00958",0.167,"Low",1787821553984633,0,0
"CUST00959",0.2144,"Low",1787821553984633,0,0
"CUST00960",0.1971,"Low",1787821553984633,0,0
"CUST00961",0.2975,"Low",1787821553984633,0,0
"CUST00962",0.072,"Low",1787821553984633,0,0
"CUST00963",0.1037,"Low",1787821553984633,0,0
"CUST00964",0.032,"Low",1787821553984633,0,0
"CUST00965",0.11,"Low",1787821553984633,0,0
"CUST00966",0.1585,"Low",1787821553984633,0,0
"CUST00967",0.156,"Low",1787821553984633,0,0
"CUST00968",0.3605,"Medium",1787821553984633,1,0
"CUST00969",0.0945,"Low",1787821553984633,0,0
"CUST00970",0.124,"Low",1787821553984633,0,0
"CUST00971",0.2325,"Low",1787821553984633,0,0
"CUST00972",0.0481,"Low",1787821553984633,0,0
"CUST00973",0.133,"Low",1787821553984633,0,0
"CUST00974",0.1481,"Low",1787821553984633,0,0
"CUST00975",0.165,"Low",1787821553984633,0,0
"CUST00976",0.206,"Low",1787821553984633,0,0
"CUST00977",0.1938,"Low",1787821553984633,0,0
"CUST00978",0.016,"Low",1787821553984633,0,0
"CUST00979",0.033,"Low",1787821553984633,0,0
"CUST00980",0.2808,"Low",1787821553984633,0,0
"CUST00981",0.2686,"Low",1787821553984633,0,0
"CUST00982",0.0215,"Low",1787821553984633,0,0
"CUST00983",0.078,"Low",1787821553984633,0,0
"CUST00984",0.2246,"Low",1787821553984633,0,0
"CUST00985",0.373,"Medium",1787821553984633,1,0
"CUST00986",0.1455,"Low",1787821553984633,0,0
"CUST00987",0.2639,"Low",1787821553984633,0,0
"CUST00988",0.0675,"Low",1787821553984633,0,0
"CUST00989",0.2085,"Low",1787821553984633,0,0
"CUST00990",0.1893,"Low",1787821553984633,0,0
"CUST00991",0.3243,"Low",1787821553984633,1,0
"CUST00992",0.0225,"Low",1787821553984633,0,0
"CUST00993",0.2105,"Low",1787821553984633,0,0
"CUST00994",0.1915,"Low",1787821553984633,0,0
"CUST00995",0.2063,"Low",1787821553984633,0,0
"CUST00996",0.1835,"Low",1787821553984633,0,0
"CUST00997",0.128,"Low",1787821553984633,0,0
"CUST00998",0.146,"Low",1787821553984633,0,0
"CUST00999",0.241,"Low",1787821553984633,0,0
"CUST01000",0.102,"Low",1787821553984633,0,0
